id|publishedAt|channelId|title|description|thumbnailUrl|tags|category|defaultLanguage|duration|caption|viewCount|likeCount|dislikeCount|commentCount
c-hNyknYV8Y|2020-07-10T05:09:54Z|UCpCtv8fw6egexjhOJpN1IZw|"소중한 생활을 지키는 올바른 소독방법! - 가정"|"소중한 생활을 지키는 올바른 소독방법!🙌 가장 중요한 생활 공간인 가정🏡에서의 소독은 어떻게 하는 것이 좋을까요~?  1단계 : 감염 예방을 위해 올바른 손 씻기와 개인 보호구 착용하기  2단계 : 창문을 열어 환기 시키기  3단계 : 소독제를 적신 천으로 가족들의 손이 많이 닿는 물건의 표면 닦기  4단계 : 소독 후 최소 1분 후 깨끗한 물로 적신 천으로 닦아주기 5단계 : 충분히 환기 시키기  📌소독에 사용된 물건은 종량제봉투에 밀봉하여 버리시고, 샤워 및 옷 갈아입는 것도 잊지 마세요.   #올바른소독방법 #코로나19 #생활소독"|https://i.ytimg.com/vi/c-hNyknYV8Y/default.jpg|"코로나19코로나광주광역시소독올바른소독방법생활방역빛튜브질병관리본부가정소독"|24|ko|PT3M16S|false|65|6|0|2
DLRPQgGe7J0|2020-07-02T09:44:37Z|UCpCtv8fw6egexjhOJpN1IZw|"🚨 높아진 강도의 사회적거리두기, 반드시 지켜야 합니다!"|"[명작으로 쉽게 이해하는 코로나19 사회적거리두기 2단계]  코로나19 확진자가 급증하고 있는 엄중한 상황입니다. 이에 따라 코로나19로 부터 광주공동체를 지키고 긴장의 끈을 다시 조이기 위해 광주시 방역 대응체계를 사회적거리두기 2단계로 격상합니다.  💡하나. 집합·모임·행사 금지 실내 50인 이상, 실외 100인 이상 모임과 행사 개최 전면 금지  ※준수하지 않을 경우 300만원 이하 벌금 및 해당시설·기관 집합금지 명령 시행 예정  💡둘. 확진자 허위 진술 및 동선 확보에 비협조적 태도일 경우 형사 처벌, 치료비 청구, 구상권 행사 등 강력한 조치  💡셋. 공공시설(시·교육청·5개 자치구 등) 운영은 7월 2일부터 7월 15일까지 운영 전면 금지  💡넷. 정부와 광주시가 정한 클럽, 노래연습장, PC방 등 13개 고위험시설 집합제한 행정조치 시행(72(목)~715(수)까지)  ※13개 고위험시설 : 클럽 등 유흥주점, 단란주점, 감성주점, 헌팅포차, 스탠딩 공연장, 노래연습장, 실내집단운동, PC방, 방문판매 등 직접판매홍보관, 대형학원(300인 이상), 유통물류센터, 뷔페, 경륜‧경정‧경마장 ​ 💡다섯. 노인요양시설 2주간 면회금지 및 종사자 대상 동일집단 격리 실시  💡여섯. 현재 발생한 확진자 관련 다중이용시설 집합금지 및 시설폐쇄 ※712일까지 북구전체 공익형 노인 일자리 사업 시행 전면중단  💡일곱. 병설유치원, 초, 중, 고, 특수학교 수업 원격 진행 (특·초·중·고등학교에 대해 2∼3일 이틀 동안 등교를 정지, 이후 학생밀집도 낮춰 등교 시행 검토)        💡여덟. 대중교통 및 다중집합시설 이용 시 마스크 착용 의무화  💡아홉. 확진자 증가 등 비상 상황 대비해 병상 추가 확보  최소 2주간(7월 2일 ~ 15일까지) 불요불급한 외출과 모임 및 다중이용시설을 자제해 주시길 바랍니다. 불가피한 외출 시에는 개인위생수칙을 준수해 주시길 바랍니다. 많은 사람이 모이는 장소에 방문하거나 행사 참석을 적극 자제하시길 바랍니다.  ​발열, 호흡기 증상이 있는 사람, 격리 해제된 사람이라도 다시 증상이 나타날 경우 반드시 관할 보건소에 연락해 검사받으시길 바랍니다.  격상된 사회적거리두기의 자세한 세부 내용은 시공식 블로그 및 홈페이지를 통해 확인 가능합니다.  (https:blog.naver.comdodreamgj222018056869)  🚨본영상은 [높아진 강도의 사회적거리두기] 캠페인을 쉽게 알리기 위해 비영리목적으로 제작된 영상입니다. 캠페인 참여를 위해 공유는 가능하나, 해당 영상의 무단 복제를 금합니다.🚨  #사회적거리두기2단계 #혹성탈출 #코로나19"|https://i.ytimg.com/vi/DLRPQgGe7J0/default.jpg|"코로나19혹성탈출사회적거리두기2단계사회적거리두기2단계다중시설공공시설집합금지동일집단격리병상확보광주광역시광주방역방역대응체계광주시빛튜브"|24|ko|PT2M21S|false|2587|17|0|10
zDz15N9u0-U|2020-06-26T13:19:04Z|UCpCtv8fw6egexjhOJpN1IZw|"광주가 정의롭고 풍요로운 시대를 엽니다!"|"혁신과 소통으로 대표되는 민선 7기, 광주시가 변화를 향해 달려온 시간이 어느덧 2년.   지난 시간동안  새로운 광주로 도약하기 위해 끊임없는 도전을 시도했으며,  청년이 살기 좋은 광주! 기업하기 좋은 광주! 정의롭고 풍요로운 광주! 를 이뤄내기 위해  우리 시민들의 소리에 귀기울이며 변화를 이끌어왔습니다.   앞으로 남은 시간동안,  우리 광주가 어떤 변화를 이끌어가게 될 지 더욱 기대가 되는데요! 새롭게 도약할 광주, 어떤 모습인지 영상으로 확인해 볼까요?  * 생생한 광주 소식을 영상으로 만나고 싶다면,    구독과 좋아요는 필수입니다 ^^  [영상요약] 혁명을 넘어 혁신으로 정의의 역사를 딛고 풍요로운 내일로 광주가 새롭게 도약합니다.  인공지능 중심도시로 시작된 광주의 새로운 패러다임은   세계의 자본과 정보를  경제자유구역으로 불러들이고  노사상생형 일자리 모델인 광주형 일자리의 저력을 더해  기술, 자본, 사람이 역동하는  광주를 만들고 있습니다.  광주에서 시작되는  대한민국의 4차 산업혁명   끊임없는 혁신의 힘으로 정의롭고 풍요로운 미래를 엽니다.  #인공지능 #광주형일자리 #4차산업혁명"|https://i.ytimg.com/vi/zDz15N9u0-U/default.jpg|"광주광역시GWANGJU광주인공지능AI광주형일자리자동차공장문재인대통령이용섭4차산업혁명상생형일자리일자리청년청년드림관광광주풍요로운광주정의민주도시인권도시"|24|ko|PT1M8S|false|291|18|0|0
umNbZW8P6JU|2020-06-25T09:46:09Z|UCpCtv8fw6egexjhOJpN1IZw|"[코로나19, 슬기로운 방역생활] 돌잔치, 결혼식 등에서 식사보다는 답례품으로🙏🏻🙏🏻"|"2020년 세계는 여전히 코로나19 파도에.... 잠잠해지는가 싶더니 엎친데 덮친격으로 끝이 없으니...😢😢  슬기로운 방역 생활로 코로나19 극복💪🏻💪🏻  생활 속 거리두기 현명하게 생활 방역으로  🚨돌잔치, 결혼식 등에서 식사보다는 답례품으로 🚨코로나19 고위험 시설에선 QR코드를 꼭 찍어주세요 🚨식당, 카페 등에 머무르는 시간 최소화 🚨폐쇄된 공간에서는 가능한 서로 마주보지 않고 한 방향 바라보기 🚨음식은 개인 접시 가능한 포장 및 배달 주문 🚨실외에서 사람 간 2미터 이상 간격이 있으면 마사크는 살~짝 벗기 🚨실내에선 마스크 반드시착용!  현명한 생활 방역으로  코로나19 위기 극복 할수있습니다! 그리고 그곳엔 코로나19는 없었다.......🙏🏻🙏🏻 #코로나19 #생활방역 #생활속거리두기"|https://i.ytimg.com/vi/umNbZW8P6JU/default.jpg|"코로나19코로나방역생활답례품돌잔치결혼식생활방역마스크그곳엔아무도없었다"|24|ko|PT1M54S|false|404|10|0|3
fhI1qI0ZOcc|2020-06-23T02:01:21Z|UCpCtv8fw6egexjhOJpN1IZw|"🌱전국 최초 상생형 지역일자리 선정, 광주형일자리"|"‘일자리’는   ‘모두를 위한 자리’라는 신념이 ‘광주형 일자리’의 시작이었습니다.   지역이 주도한 사회적 대타협. 어렵지만 뜻깊은 여정 끝에 탄생한  대한민국 최초의 상생형 지역일자리 모델  광주가 일으킨 상생의 바람은,    고비용 저효율의 경제 구조를 개선하고  노사가 협력하는 투자고용 생태계를  전국으로 확산시키며,  한 번도 가보지 않은  혁신의 길을 열었습니다.  일하는 국민,  투자하는 기업,  지원하는 지역과 정부가 하나 되어,  양보와 타협으로 더 나은 내일을 만드는  ‘상생형 지역일자리’ 사업.  “광주형 일자리가 처음 논의되던 5년 전만 해도 가능할까 하는 회의가   많았습니다. 이 담대한 상상력이 조금씩 양보하면서 함께 가자는   사회적 합의를 통해 지난 1월 실현되었고, 이후 변화의 물결이   전국 곳곳에 번져 가고 있습니다."   그 혁신의 원천이자 지향점이 된 광주형 일자리가  대한민국 경제의 든든한 희망이 될 것입니다.  #광주형일자리 #지역상생 #상생형지역일자리"|https://i.ytimg.com/vi/fhI1qI0ZOcc/default.jpg|"광주광역시광주시지역일자리광주형일자리광주일자리상생형양보타협전국최초빛튜브혁신지역일자리모델상생"|24|ko|PT1M33S|false|165|16|0|2
YPrVeFLV4Vo|2020-06-19T02:00:10Z|UCpCtv8fw6egexjhOJpN1IZw|"※깨끗하게 맑게 자신있게! 오늘도 집으로 퇴근하고 싶은 소피아 주무관의 극한 네번째 근무지 The Love...💗  소주Go.4편_광주환경공단※"|"오늘도 공백없는 오디오🐰! 질문도 직진! 안전모 + 작업복까지 완벽하게 입고💦💦 The love💚 The love💚 노래를 부르는 소피아 주무관의 네번째 근무지는 광주환경공단 하수처리장 입니다!  광주에서 가장 큰 하수처리장의 모든 것을 보여드립니다 (소피아 주무관의 넷X릭스 따라잡기도 놓치지 마세요!)  변기에 이물질 버리지 않기❌❌ 물티슈 NoNo❌❌! 우리 모두 자연환경을 깨끗하게 보존해요!   #광주환경공단 #하수처리장 #공무원"|https://i.ytimg.com/vi/YPrVeFLV4Vo/default.jpg|"소주고하수처리장환경공단광주환경공단thelove광주광역시광주시빛튜브공무원극한직업워크맨하수처리주무관명예주무관변기물티슈"|24|ko|PT6M5S|false|1802|23|2|3
MEc-Nv22RoE|2020-06-18T01:26:43Z|UCpCtv8fw6egexjhOJpN1IZw|"2021 미래광주의 주인을 찾습니다👀👀👍🏻 [2020 광주시민총회]"|"1980년 5·18민주화운동 당시의 '민족민주화대성회'를 계승하고 지난 2017년부터 2019년까지 3년간 시민참여로 이루어졌던 시민총회의 취지를 살려 광주공동체를 위한  광주다운 의제를시민이 제안하고 결정하여,  민·관이 함께 실행방안을 마련하고 실천해 나가는소통과 참여,  연대와 협력의 시민참여 민주주의 한마당입니다.   온라인 민주주의 플랫폼 '바로소통광주'를 통해 광주공동체를 위한 광주다운 의제를시민이 제안하고 공감하면 광주시민총회에서시민과 함께 토론하고 투표하여 결정합니다.   결정된 의제는 광주공동체 실천의제로서시민모두가 함께 실천방안을 찾고 실천해 나갑니다.   광주공동체를 위한 광주다운 의제를 함께 결정하고 실천하기 위한 첫 걸음! 2020광주시민총회에 참여해주세요! 2021 미래광주의 주인을 찾습니다 연대와 협력의 광주DNA, 광주시민 모두 참여가능  🌸바로소통광주 2020 광주시민총회 이벤트🌸 🎈참여기간 : 6월 17일 (수) ~ 7월 31일 (금)  🎈발표 : 8월중 발표 예정  🎈참여방법  1. 2020 광주시민총회에 제안등록 또는 공감참여(택1)  2. 공유하기  ※ 1, 2를 모두 진행해야 합니다.  ※ 제안과 공감(투표)를 위해 로그인이 필요합니다.   🎁🎁증정선물 🎁🎁 제안, 공감, 공유 참여자 중 추첨을 통해 쏟아지는 선물!  1. 최우수제안상(3대의제) 상생카드 20만원 3명  2. 우수제안상(10대의제) 상생카드 10만원 7명  3. 참여소통상 기프트콘 1만원상당 50명  (꿀팁~!) 미션을 모두 진행하면 당첨확률이 높아집니다~!   🍀제안·공감하기  제안 및 공감 기간 : 2020. 6. 17.(수) ~ 7. 31.(금), 45일간 참여방법 : '바로소통광주'를 통한 온라인 등록 참여내용 : 기간 내 누구나 자유롭게 제안하고, 제안된 내용에 ‘좋아요’ 공감하기 의제범위 광주정신을 살려 모든시민이 연대, 협력하여 실천할 수 있는 과제로서 더 좋은 광주를 만들기 위한 미래지향적 실천과제 또는 광주공동체가 직면한 위기나 문제를 해결해야 할 과제  🍀시민패널 신청하기  신청기간 : 2020. 6. 17.(수) ~ 7. 31.(금), 45일간 신청방법 : '바로소통광주'를 통한 온라인 신청, 추첨으로 선정(200명) - 활동사항 2020 광주시민총회(9. 12. 토) 참석 - 최종의제 선정을 위해 현장토론과 투표  #바로소통광주 #시민총회 #광주공동체"|https://i.ytimg.com/vi/MEc-Nv22RoE/default.jpg|"광주시민총회시민패널2020시민총회제안바로소통바로소통광주공감이벤트상생카드토론공동체광주공동체3대의제10대의제"|24|ko|PT41S|false|106|10|0|2
VOIwlLK8gYM|2020-06-11T09:38:45Z|UCpCtv8fw6egexjhOJpN1IZw|"[환경의 날 캠페인] 환경공단 X 소피아 X 도시철도 특급 콜라보😎😎!"|"6월 5일 환경의날 기념해  초롱이와 씽씽이 그리고 소피아가  환경공감대 키우기 캠페인을 실시하기 위해 만났습니다🎉🎉!  환경도 지키고! 청렴도 지키는!  초롱이와 씽씽이 그리고 소피아의  환상적인 캐미를 영상으로 확인해 주세요💕!   환경을 위한 여려분의 작은실천이 아름다운 지구 우리의 '광주'를 지킵니다.  *세계환경의날은? 국제사회가 지구환경보전을 위해 공동노력을 다짐하며 제정한 날   *광주환경공단은 광주광역시 '음식물쓰레기 30% 줄이기' 감량과 관련한 '음식물쓰레기 줄이기' 일회용품 사용하지 않기 등 친환경 생활을 위한 메시지를 시민분들께 전달 했습니다!  #환경공단 #도시철도공사 #환경의날"|https://i.ytimg.com/vi/VOIwlLK8gYM/default.jpg|"환경공단소피아도시철도광주도시철도씽씽이초롱이광주환경공단환경의날빛튜브광주광역시광주시환경의날캠페인세계환경의날"|24|ko|PT4M55S|false|3636|24|1|11
QmQxPsaoJj8|2020-06-09T05:42:50Z|UCpCtv8fw6egexjhOJpN1IZw|"사회를 향한 당당한 첫 걸음😎😎! 2020년 청년교통수당드림!"|"사회를 향한 첫 걸음! 당당한 청년의 도전을 위한, 교통비를 드림!  2020년 청년교통수당드림😎!  💡대  상 : 공고일(526) 전일기준 주민등록상 광주 거주자 만19세 이상 만 34세 이하(1985.1.2 ~ 2001.1.1 출생자) *만 19~34세 미취업 청년 *가구 중위소득 150%이하 가구원 구직활동 의지가 있는 미취업 청년 (2020년 2월 건강보험료 산정기준) 💡신청기간 : 6월 8일(월)- 6월17일(수) 💡지원내용 : 총 30만원 충전 교통카드 지급(1,810명) 💡접수방법 : 온라인 신청(https:gj3dreams.modoo.at) 광주청년센터 회원가입 →2020교통수당드림사업 신청→구비서류 업로 구비서류 업로드(제출서류 시 홈페이지 고시공고란 참조) 💡발  표 : 2020년 6월 26일(금) 10:00  시 홈페이지 공고란 및 개별 연락 예정  전국 시내버스 지하철 고속버스 ktx까지  어디서든 사용가능한 (택시는 광주지역만 이용가능합니다) '청년교통수당' 청년의 '당당한'내일을 응원하겠습니다.🥳🥳  #2020청년교통수당드림 #교통수당 #광주청년"|https://i.ytimg.com/vi/QmQxPsaoJj8/default.jpg|"광주광역시광주청년청년교통수당광주청년드림광주교통수당다름교통수당청년센터광주청년센터2020교통수당드림택시버스ktx지하철"|24|ko|PT31S|false|99|5|0|0
57AF2QSbj24|2020-06-08T06:55:13Z|UCpCtv8fw6egexjhOJpN1IZw|"[집중호우☔️태풍🌪폭염☀️] 여름철 위험기상피해 예방! 기상정보를 자주 확인하는 습관 안전한 생활의 시작입니다☺️"|"많은 비가 짧은 시간 동안 좁은 지역에 쏟아지는 '집중호우'☔️ 강한 바람이 불거나 많은 비가 쏟아지는 '태풍'🌪 무더운 여름, 고온이 지속되는 '폭염'☀️🔥 어떻게 대비해야 할까요?  💡기상청이 '호우특보'를 발표하면, 상습침수지역 계곡 등 침수 위험지역에서 대피 배수로, 옹벽, 축대 등 사전점검 합니다!  💡기상청이 '태풍특보'를 발표하면 침수, 해일 예상지역에서 대피 창문, 간판,선박 등 단단하게 고정합니다!  💡기상청이 '폭염특보'를 발표하면 물 섭취 및 햇빛 차단 실내에서 냉방용품 충분히 활용 야외에서 일할땐 그늘에서 충분한 휴식을 취합니다!  기상정보를 자주 확인하는 습관 안전한 생활의 시작입니다! 기상특보는 기상청 '날씨알리미' 앱을 통해  편리하게 확인하실 수 있습니다.👐🏻  #집중호우 #태풍 #폭염"|https://i.ytimg.com/vi/57AF2QSbj24/default.jpg|"기상특보집중호우태풍폭염여름기상날씨날씨알리미기상정보기상청그늘침수해일선박햇빛차단광주광주광역시"|24|ko|PT1M1S|false|180|5|0|0
cicDZn6QPmY|2020-06-05T01:51:19Z|UCpCtv8fw6egexjhOJpN1IZw|"[코로나19 민생안정대책] 택시 업계 위기 극복을 위해 광주광역시가 함께 합니다!"|"코로나19상황의 장기화로  대한민국 국민 모두의 생활과  우리 지역 경제가 흔들리고 있습니다.   광주시는 코로나19로 인한 어려움을  함께 이겨내기 위한 대안으로,   6월 4일 제 7차 민생안정대책을 발표했는데요.   정부의 긴급고용안정지원 요건에 해당되진 않아  각종 지원 혜택에서 제외된  개인·법인택시 운수종사자에게 1인당 50만원을 지원합니다.      [택시 운수 종사자 생계 안정자금 신청방법]  ✔️ 지원 대상 : (정부지원대 해당되지 않는)개인·법인택시 운수 종사자 중 2월부터 5월 말까지                            총 30일 이상 근무 실적이 인정되는 자  ✔️ 신청기간 : 6월 15일부터 7월 31일까지   ✔️ 신청방법 : 인터넷 홈페이지 또는 모바일을 통해 가능 (https:covid19.ei.go.kr)    #택시 #긴급자금지원 #광주"|https://i.ytimg.com/vi/cicDZn6QPmY/default.jpg|"광주광주광역시gwangju택시광주택시운수종사자택시종사자택시운수업법인택시개인택시코로나19코로나지원금정부지원금긴급지원자금"|24|ko|PT50S|false|115|4|0|1
N2KyzIWL9Sw|2020-06-04T09:53:09Z|UCpCtv8fw6egexjhOJpN1IZw|"[👀보고👂🏻듣는 ASMR] 힐링 인 광주(Healing in Gwangju)_충현원"|"호국보훈의 달 6월을 맞아  빛튜브에서 가장 먼저 찾은곳은🙏🏻🙏🏻  대한민국이 전 세계에서 가장 가난했던 시절 한국전쟁 전후에 발생된 젖먹이 고아들을 돌본 곳 오래되고 낯선건물  광주 남구 양림동의 '충현원' 입니다.   충현원의 역사는 미국인 선교사 우일선 선교사 사택에서 박순이 여사님이 45명의 고아를 돌본데서 시작 되었으며, 1952년에 선교사의 후원으로 충현원이 설립되었습니다.  전쟁고아들의 유일한 희망 부모잃은 아픔을 달래주고 영아들의 건강을 위해 채광 통풍의 세심한 관심으로 창문이 많은 건물 충현원  순국선열의 희생과 헌신에 감사드립니다  #호국보훈의달 #충현원 #ASMR"|https://i.ytimg.com/vi/N2KyzIWL9Sw/default.jpg|"ASMR충현원광주광역시빛튜브호국보훈의달호국보훈힐링healing양림동선교사625광주시한국전쟁산동교"|24|ko|PT4M28S|false|1697|15|1|4
iaVxbq2p2e4|2020-06-03T08:50:32Z|UCpCtv8fw6egexjhOJpN1IZw|"기업하기 좋은 광주로의 출발! [광주경제자유구역]에서 시작합니다.🎊"|"대한민국 민주와 자유의 상징, 광주! 2020년 6월 3일, 광주경제자유구역으로 최종 지정돼 국내외 투자유치의 새로운 전환점을 맞았습니다.   경제자유구역?! 쉽게 이해되지 않는다고요! 해외의 투자자본과 기술을 국내로 적극 유치하기 위해 정부에서 세제 감면이나 규제 완화 등의 혜택을 부여하는 특별지역(경제특구)을 말합니다.  아무래도 경제자유구역에는 국내외 직간접적인 유치가 보다 원활하게 이뤄질 수 있겠죠?🤗🤗  광주는 4개 지구 ( ▲미래형자동차 산업지구-빛그린국가산단 ▲스마트에너지 산업지구Ⅰ-에너지밸리일반산단 ▲스마트에너지 산업지구Ⅱ-도첨국가산단 ▲AI 융복합지구-첨단3지구 ) 4.371㎢를 경제자유구역으로 공식 지정했습니다.   앞으로는 보다 많은 국내외 기업들의 성장을 광주에서 볼 수 있겠죠? 광주 시민들, 특히 열정 넘치는 청년들의 기대가 정말 큽니다!  😆  열정 넘치는 청년들이 꿈을 키울 수 있는 광주! 기업하기 좋고 풍요로운 광주! 이제 곧 만나볼 수 있겠죠?^^👍🏻👍🏻  대한민국의 4차산업 혁명을 이끄는 ‘인공지능 중심의 새로운 경제자유구역’, 광주경제자유구역!  대한민국 경제의 자유가 광주에서 실현될 수 있도록  시민 여러분의 많은 응원 부탁드립니다!  #경제자유구역 #경제특구 #4차산업혁명"|https://i.ytimg.com/vi/iaVxbq2p2e4/default.jpg|"경제자유구역광주경제특구4차산업AIAiHubCity허브도시인공지능인공지능중심도시AI허브시티3차산업혁명산업지구미래산업혁신성장투자활성화경제활성화기업유치일자리창출"|24|ko|PT1M1S|false|535|37|0|3
CEDO7cFhe9Y|2020-06-03T04:28:54Z|UCpCtv8fw6egexjhOJpN1IZw|"[월간광주] 5월은 광주의 기억"|"올해는 5·18광주민주화운동의 40주년이기도 한  아주 의미있는 5월입니다.✨  매월 마지막 주 금요일에는 월간광주!  5월은 광주의 기억입니다.  💡국립 5·18 민주묘지 💡국립아시아문화전당 전시_오월, 별이 된 들꽃 https:blog.naver.comdodreamgj221964142929 💡전일빌딩 245 광주 동구 금남로 245 💡국립아시아문화전당 전시_ 광장: Beyond The Movement https:www.acc.go.krmainexhibition.do?PID=0202&action=Read&bnkey=EM_0000003913  오월, 그 날을 기억하겠습니다.  오매광주 홈페이지 : http:tour.gwangju.go.kr 오매광주 블로그: https:blog.naver.comgwangju_city  #오매광주 #월간광주 #광주가볼만한곳"|https://i.ytimg.com/vi/CEDO7cFhe9Y/default.jpg|"월간광주오매광주광주관광광주의기억5월광주518전일빌딩국립아시아문화전당국립518민주묘지전시광주가볼만한곳광주여행테금주"|24|ko|PT57S|false|113|4|1|2
FUZcZzWVStw|2020-06-02T07:51:19Z|UCpCtv8fw6egexjhOJpN1IZw|"[2020심청전] 광주 입원아동 돌봄서비스💙"|"광역지자체 최초! 광주광역시 시행! 심학규 눈도 뜨이게 하는 광주긴급아동돌봄센터! 전문가 과정을 수료한 입원아동 보호사가  병원으로 찾아가 복약과 식사를 돕고 정서적 교감놀이를 지원합니다.  [광주긴급아이돌봄센터 이용대상] 부모님이 광주 시민  또는 광주광역시 소재지 직장인  [주간 시간제 보육] - 대상: 만 6개월~ 만 36개월 - 방법: 임신육아종합포털 ‘아이사랑’  홈페이지 가입 후 아동 등록 후 이용 - 온라인예약(1일전까지)  당일 예약 (전화로만) - 결제: 아이행복카드 * 주간 시간제보육 (월~금 9시~18시) * 시간 당 1천 원  [야간 시간제 보육] - 대상: 만 6개월~ 만 5세 아동 - 방법: 광주긴급돌봄센터         홈페이지 가입 후 아동등록 - 온라인예약(1일전까지)  당일 예약 (전화로만) - 결제: 일반 신용카드, 현금 * 야간시간제보육 (월~금 18시~다음날 9시) * 시간 당 3천 원   문의: 062-714-3635  아이 낳기 좋고, 아이 키우기 행복한 광주!  #긴급아이돌봄센터 #아이사랑 #2020심청전"|https://i.ytimg.com/vi/FUZcZzWVStw/default.jpg|"아이돌봄긴급아이돌봄아이사랑심청전2020맞벌이아이행복카드광주광역시광주시빛튜브2020심청전보육아이보육"|24|ko|PT2M35S|false|156|11|0|1
gaDhq51Pw4I|2020-06-01T08:56:31Z|UCpCtv8fw6egexjhOJpN1IZw|"※ 안전속도 5030 함께 지키면 우리모두 안전해(feat.미스터트롯 김수찬)"|"속도를 줄여 보행자를 지켜줘(안전속도 5030!) 한잔만 마셔도 음주운전이랍니다! 절대로 안돼요. 졸.음.운.전!  길을 건널 때 스마트폰 안돼요-! 난폭운전 신호위반 위험해! 이륜차 탈 땐 안전모를 꼭 써주세요 함께 지키면 우리 모두 안전해 (안전속도 5030)  🍀 교통신호 지키기 🍀 음주과속운전 하지않기 🍀 불법주정차 하지않기 🍀 무단횡단 하지않기 🍀 안전속도 5030  #5030 #안전속도 #광주시"|https://i.ytimg.com/vi/gaDhq51Pw4I/default.jpg|"교통사고배려음주운전교통신호불법주정차무단횡단운전습관보행습관김수찬미스터트롯캠페인5030캠페인안전운전안전속도"|24|ko|PT31S|false|102|7|0|2
DCZ5_nMRkRU|2020-05-28T06:53:51Z|UCpCtv8fw6egexjhOJpN1IZw|"🥳오래걷기 성공담💪🏻시보 해제😎마지막 출근까지😢아주 사소한 것도 대신 축하해 드립니다 아묻따! 뭐든 대신 축하해 드립니다 BY축하맨_ Ep.1편"|"팍팍한 요즘 축하로 웃음을 되찾아드립니다! 뭐든! 대신! 축하해!드립니다! BY 축하맨!🥳🥳  직원들의 익명 사연을 받아  소소한 선물을 들고 축하맨이 출동했습니다! 아무것도 묻지도 따지지도 않고  심심한 일상의 즐거움을 드리기위한 축하맨의 출동💘💘  오래걷기 성공담! 시보해제! 마지막출근까지! 모두 축하해드렸습니다  '축하'를 받으면 즐겁습니다 오늘, 가까운 사람들에게 여러분도 축하의 메시지를 전해보세요! 아주 사소한것도 일상의 즐거움이 될수 있습니다🎁🎁  #오래걷기 #시보해제 #마지막출근"|https://i.ytimg.com/vi/DCZ5_nMRkRU/default.jpg|"축하대신축하대리축하시보해제정직원마지막출근건강오래걷기걷기운동개다리춤감사합니다축하합니다광주광역시빛튜브광주시광주"|24|ko|PT5M35S|false|2079|27|1|7
IaQHXMTTqMY|2020-05-26T07:49:57Z|UCpCtv8fw6egexjhOJpN1IZw|"양림동에 펭귄이 나타났다! 펭귄가족의 양림동 나들이😎😎"|"볼것도 놀 것도 먹을 것도 많은 양림동! 펭귄 가족이 나타났어요!👀👀  오랜시간동안 소중히 만들어져 온 양림동의 펭귄마을 부터 오웬 기념각, 우일선 선교사 사택까지!  양림동 곳곳을  펭귄가족과 함께 랜선 양림여행 떠나보시죠!  아참!  펭귄가족의 영상공유 이벤트도  진행중이니 자세한 정보는 아래 링크를 통해 확인해주세요! 🎁🎁 https:blog.naver.comgwangju_city221972779514  🎈양림동 펭귄마을  양림동 주민 센터 뒤 좁은 골목길을 들어가면 버려진 추억의 물건들이 담벼락에 전시,무릎이 불편한 어르신이 뒤뚱뒤뚱 걷는 모습이 펭귄 같다고 하여 이름 지어진 독특한 컨셉의 마을  🎈동개비 400년전 양림동에서 전해지는 충견설화를 바탕으로 만들어진 이야기를 배달하는 강아지 캐릭터  🎈오웬 기념각 전라남도 최초의 선교사였던 클레멘트 C.오웬과 그의 할아버지 윌리엄을 기념하기 위해 1914년에 건립  🎈우일선 선교사 사택 개화기에 외국 선교사들이 살면서 선교 활동과 서양문물을 전파했던 곳으로 광주에 현존하는 서양식 주택 건물로는 가장 오래된 건물  오매광주 홈페이지 : http:tour.gwangju.go.kr 오매광주 블로그: https:blog.naver.comgwangju_city  #양림동 #오매광주 #펭귄가족"|https://i.ytimg.com/vi/IaQHXMTTqMY/default.jpg|"양림동펭귄마을선교사우일선사택동개비오웬기념각광주광역시광주가볼만한곳광주관광광주여행펭귄나들이오매광주빛튜브"|24|ko|PT4M7S|false|193|8|0|2
9Ud7kD0fhXQ|2020-05-22T02:13:37Z|UCpCtv8fw6egexjhOJpN1IZw|"[👀보고👂🏻듣는 ASMR] 힐링 인 광주(Healing in Gwangju)_랜선광주여행(4k)"|"지친 일상을 잠시나마 치유해줄 빛튜브에서 준비한 멍때리기 프로젝트🎁  한국 민주주의의 상징 5·18 민주광장 계엄군에 맞서 시민과 학생들이 모여  '민족민주화대성회'를 열었던 역사적 장소  80년 5월 위에 서있는 오늘의 자유 시민들의 사랑받는 휴식공간  💡광주광역시 동구 문화전당로 5·18 사적지로 등록된 옛 전남도청과 5·18 민주광장  국악사  💡광주광역시 동구 제봉로 국악기를 직접 제작 하는 곳 전통적인 제작 방법을 고수하면서 필요한 부분은 도구들을 새롭게 개발하여 손끝에서 울리는 옛것의 가치  그 가치가 오래도록 전승되길 바라봅니다...  💡광주 인쇄의 거리  1940년대 옛 전남도청 주변으로 300여 개의 인쇄 관련 업체들이 모여들면서 형성 한때 광주와 전남 지역 인쇄 산업의 중심지 코로나19 여파로 더 힘들어진 요즘이지만, '도시재생 뉴딜사업'에 선정되어  제 2의 도약을 기대하는 인쇄의 거리  어둠이 짙게 깔릴수록 더욱 강렬한 빛을 발산하는 곳 국립아시아문화전당 한국의 야간명소 100선 선정 5월의 아픔을 간직한 곳 시민들의 힐링공간으로 도심 속 '별'이 되어주는 공간 도심 속 그 '별'을 볼수있 는곳  월봉서원  💡광주광역시 광산구 광곡길  아시아문화전당과 함께 한국의 야간명소 100선 선정  오늘은 광주의 그 별들을 보러 가볼까요?  🍀재명석등  광주광역시 유형문화재 제 5호 대황사의 옛터에 남아있던 고려시대의 석등  🍀광주읍성유허  광주광역시 문화재자료 제 20호 둘레 8,263척 높이 9척의 조선시대 광주읍성  🍀이춘봉 악기장  광주광역시 무형문화재 제 12호  #ASMR #광주야경명소 #랜선광주여행"|https://i.ytimg.com/vi/9Ud7kD0fhXQ/default.jpg|"국악사민족민주화대성회민주주의민주광장광주랜선여행인쇄의거리뉴딜사업재명석등광주읍성유허이춘봉악기장야경명소힐링공간ASMR4k"|24|ko|PT4M32S|false|2276|26|4|8
9wSb1TfzsZ0|2020-05-20T05:22:59Z|UCpCtv8fw6egexjhOJpN1IZw|"[생활 SOC 학교시설 복합화] 슬기로운 생활 SOC 😎"|"학교시설 복합화란 ?  마을, 학교 , 주민을 잇는 공간  학교시설이 주민들의 교육·문화·복지·체육시설로 공동 활용 됩니다 교육청과 지자체가 학교시설 복합화에 힘을 모았습니다  낮에는 학생을 위한 공간으로, 방과 후에는 주민을 위한 공간으로  1. 지역주민 삶의 변화 도서관 · 체육시설 · 돌봄시설 주민편의시설로 활용  2. 지역주민 삶의 변화 주민이 진로 및 체험 프로그램 운영  슬기로운 학교시설 복합화로 지역주민 삶의 질 향상, 교육공동체 활성화 도모 "모두가 행복한 마을"  #생활SOC #슬기로운생활 #학교시설복합화"|https://i.ytimg.com/vi/9wSb1TfzsZ0/default.jpg|"학교시설SOC생활SOC슬기로운생활광주광역시문화시설학교체육시설도서시설편의시설복합화교육청지자체방과후"|24|ko|PT40S|false|107|4|0|0
gTxiI2myqJM|2020-05-18T06:35:43Z|UCpCtv8fw6egexjhOJpN1IZw|"음악으로 기억하는 '광주의 오월'"|"@민주화운동기념사업회 @대한민국청와대    #광주광역시 #오월광주 #임을위한행진곡  1980년 5월 유난히도 차가웠던 광주의 봄.  마음 졸이며 거리를 돌아다녔던 청년들도 소란스럽던 소리에  자꾸만 엄마 품 속으로만 파고 들던 동네 꼬마들도 한 잔 술에 나라 걱정을 나눌 수 있는 나이가 됐습니다.   하지만... 어제 일도 기억하기 힘든 노인이 되어서도 그날의 기억을 평생 가슴 한 켠에 묻고 사는 사람들이 있습니다.  40년이 지난 지금까지도  그날의 아픔을 가슴에 묻고 사는 유족들과 5.18 영령을 위해  광주의 오월을 노래합니다.   1980년 5월 18일,  그날의 광주를... 광주 정신을 기억하겠습니다."|https://i.ytimg.com/vi/gTxiI2myqJM/default.jpg|"광주광역시gwangju민주인권도시human rightscivil rightsdemocracy국악임을위한행진곡5.18광주민주화운동5.18민주화운동오월광주오월민주주의"|24|ko|PT2M59S|false|1425|49|0|5
7vsY-UPBJIA|2020-05-16T01:21:16Z|UCpCtv8fw6egexjhOJpN1IZw|"🚨코로나19, 새로운 일상 생활 속 거리두기 5대 핵심 수칙"|"❤️새로운 일상 생활 속 거리두기 우리가 실천할 수 있는 최선의 예방법 입니다  📍00:05 제 1수칙  아프면 3일~4일 집에 머물기  *코로나19는 증사이 가벼운 초기에도 전염될 수 있습니다  📍00:10 제 2수칙  사람과 사람 사이, 두 팔 간격 건강 거리두기'  '실내 다중이용시설'및  '2m 거리 두기가 어려운 실외' 에서는 마스크 착용 필수    * 2m 거리를 두면 침 방울로 인한 감염 위험을 줄일 수 있습니다.  📍00:16 제 3수칙  30초 손씻기, 기침은 옷소매로    *바이러스가 손과 침 방울을 통해 전파될 가능성을 최소화 합니다.  📍00:21 제 4수칙   매일 두 번 이상 환기하고 주기적으로 소독하기    *환기를 통해 공기 중 바이러스 농도를 낮추고, 소독으로 손을 통한 감염 가능성을 줄일 수 있습니다.  📍00:25 제 5수칙  거리는 멀어져도 마음은 가까이 *"서로 배려하고, 위로하며 함께 노력해요"  #생활속거리두기 #코로나19 #5대핵심수칙"|https://i.ytimg.com/vi/7vsY-UPBJIA/default.jpg|"코로나19생활속거리두기5대핵심수칙전염병새로운일상코로나광주광역시질병관리본부환기소독마스크거리두기다중이용시설머물기"|24|ko|PT31S|false|674|4|0|0
bxpFFU1frCo|2020-05-15T05:18:23Z|UCpCtv8fw6egexjhOJpN1IZw|"대한민국 육군훈련소 군악대가 직접 작사·작곡한 코로나19 안전송 '우리의 약속' 🙏🏻"|"⭐️대한민국 육군훈련소 군악대⭐️가 직접 작사·작곡한 아름다운 멜로디와 더 아름다운 가사의 코로나19 안전송 '우리의 약속'을 소개합니다.  "좋은 날 힘든 날 서로에게 힘이 돼 주기 널 위해 나를 위해 지켜요 우리의 약속🎵🎵 "  함께 들어주세요💜💜  *이 영상은 육군훈련소 군악대원 분들의 재능기부로 제작되었습니다. (@육군훈련소[KATC])   [CREDIT] 작사·작곡 육군훈련소 군악대  #우리의약속 #코로나19 #육군훈련소"|https://i.ytimg.com/vi/bxpFFU1frCo/default.jpg|"코로나19응원송육군훈련소안전송군악대대한민국힘내라대한민국육군광주광역시질병관리본부코로나우리의약속약속안전대한민국감염병"|24|ko|PT3M19S|false|225|12|2|1
ynlTzHCHX9A|2020-05-14T09:55:27Z|UCpCtv8fw6egexjhOJpN1IZw|"※기억하라 광주의 오월 인권도시 광주로의 출발, 새로운 역사와 문화공간속으로 찾아간 세번째 근무지! ⭐️   소주Go.3편_5·18 민주화운동 기록관전일빌딩245※"|"80년 5월의 모습을 생생하게 재현한 소피아 주무관의 세번째 근무지!  💡5·18 민주화운동 기록관   5·18과 관련된 기록물의 수집&보존하며 자나깨나 조심조심 아기다루듯이 소중하게 보존되고 있습니다!  그날의 진실이 후대까지 바르게 전달되기를.....  4년 4개월의 리모델링 끝에 시민복합문화센터, 문화창조공간으로 다시 문을 연 💡역사와 문화의 공간 전일빌딩245  새로운 공간에서 오늘도 열일하는  소주고! 끝까지 봐주세요~  40주년을 맞은 5·18 민주화운동 해마다 찾아오는 5월이지만  이곳을 찾는 마음은 매년 떨리고 벅차오릅니다 자유와 정의를 세운 광주의 80년 5월  전세계인이 함께하는 민주주의 축제의 장이 되길...  #전일빌딩245 #오일팔민주화운동기록관 #오일팔민주화운동40주년"|https://i.ytimg.com/vi/ynlTzHCHX9A/default.jpg|"518민주화운동광주의오월인권도시광주전일빌딩245소주고518민주화운동기록관기록관수장고전일빌딩유네스코시민복합문화센터40주년40주년518민주화운동518민주화운동40주년"|24|ko|PT7M43S|false|3394|30|2|6
siwadziegXs|2020-05-14T04:36:48Z|UCpCtv8fw6egexjhOJpN1IZw|"[2020흥부전] 광주 입원아동 돌봄서비스💙"|"아이가 병원에 입원했을때  광역지자체 최초! 광주광역시 시행! 입원아동 돌봄 서비스 전문가 과정을 수료한 입원아동 보호사가  병원으로 찾아가 복약과 식사를 돕고 정서적 교감놀이를 지원합니다.  이용시간 1일1회 최소4시간~8시간 이하 아침 8시 ~ 저녁 8시까지  병원에 입원한 만 12세 이하 아동 누구나 신청가능! 1899-5912  광주여성가족재단  #흥부전 #입원아동돌봄서비스 #입원아동"|https://i.ytimg.com/vi/siwadziegXs/default.jpg|"광주광역시흥부전입원아동돌봄서비스입원아동돌봄서비스아동간병복약돕기정서적지원광주여성가족재단"|24|ko|PT2M47S|false|132|8|1|0
Qjh42kJ_60I|2020-05-14T00:11:04Z|UCpCtv8fw6egexjhOJpN1IZw|"[안전분야반부패협의회] 안전도시 광주 만들기의 첫걸음 입니다!"|"우리의 일상을 기습하는 불의의 사고들 규정을 지켰더라면 미리 안전관리했더라면 일어나지 않았을 안전사고  이처럼 국민의 생명을 담보로 행해지는 각종 불법행위와 안전무시 관행들 정부는 이러한 사고를 안전분야 부패로 규정하고 범정부적인 안전분야 반부패 감시시스템 구축하고 국민참여 중심에 반부패환경을 조성해 가고 있습니다.  이에 발맞춰 광주도 재난예방·대비·대응·복구 전반 관여 하며  재난관리 책임기관 '안전분야 반부패 협의회'출범하였습니다 광주시와 19개 기관의 '반부패 협의회'와 '안전분야 전문가' 자문위원을 위촉하여 기관과 함께 정보를 공유하고 협업할수있는 환경을 조성하였습니다.  우리 시 안전감찰팀은  안전재난관리를 담당하는 책임 기관에 대한 감찰을 하고 체계적인 안전시스템을 구축해갑니다.  광주광역시 안전분야 반부패 협의회의 성공 안전도시 광주 만들기 첫걸음 입니다.  안전의 최 일선에서 150만 광주시민의 안전을 위해 광주시가 안전분야 부패를 근절하겠습니다.  #안전분야반부패협의회 #안전관리 #안전시스템"|https://i.ytimg.com/vi/Qjh42kJ_60I/default.jpg|"안전관리반부패안전도시광주광역시안전광주안전감찰팀재난시스템안전분야반부패협의회재난예방안전시스템국민참여안전안전분야전문가"|24|ko|PT31S|false|89|4|1|0
muwEfmb05nU|2020-05-12T06:42:54Z|UCpCtv8fw6egexjhOJpN1IZw|"[소주깡] 1일1깡(RAIN-GANG.Cover)  빛튜브도 감염된 깡고리즘으로 배워보는 생활 속 거리두기"|"레인이펙트⛈ 나.비.효.과🌊  코로나 19 아직 끝나지 않았다! 화려한 방역소독이 나를 감싸고~ 깡고리즘에 감염된 빛튜브......... 여러분은 1일 몇깡하시나요? 1일 n깡에 소주깡도 껴주세요 😉  🚨1일 1깡으로 배워보는 생활 속 거리두기 캠페인🚨 💡 열이나면 3~4일 집에서 쉬기! 💡 사람과 사람 사이 두 팔 간격 건강 거리 두기 💡 매일 2번 이상 환기, 주기적 소독 💡 30초 손 씻기, 기침은 옷 소매 💡 거리는 멀어져도 마음은 가까이  "클럽 갈 깡 키우지말고! 생활 속 거리두기 깡 키우기!"  #생활속거리두기 #1일1깡 #소주깡"|https://i.ytimg.com/vi/muwEfmb05nU/default.jpg|"깡1일1깡나비효과깡고리즘소주깡화려한조명생활속거리두기광주광역시방역소독코로나19클럽NO1일n깡광주빛튜브"|24|ko|PT2M36S|false|3223|102|6|24
PdBevJ0Yrzs|2020-05-11T02:09:45Z|UCpCtv8fw6egexjhOJpN1IZw|"교통사고ZERO만들기! 광주시민 모두 함께해요"|"🚨교통사고 줄이기 캠페인🚨  💡 교통신호 지키기 💡 음주과속운전 하지않기 💡 불법주정차 하지않기 💡 무단횡단 하지않기  여러분의 작은 주의가 도로위를 더욱 안전하게 만듭니다. 교통사고줄이기! 광주시민 모두 함께해요  #교통사고 #배려 #광주시"|https://i.ytimg.com/vi/PdBevJ0Yrzs/default.jpg|"교통사고음주운전교통신호은주과속불법주정차무단횡단운전습관보행습관교통안전안전스쿨존"|24|ko|PT54S|false|134|10|0|1
l-8via10zk8|2020-05-08T08:36:03Z|UCpCtv8fw6egexjhOJpN1IZw|"👍🏻청렴 잘 하는 법 - 노력하면 누구나 청렴해 질 수 있습니다.💙💙"|"우리 시민들의 일상 속에서 청렴한  생활 습관을 하나하나 실천해 보아요! 공정하고 부정부패 없는 청렴광주!  #청렴 잘 하는 법은 어렵지 않아요!  ☘️ 부정청탁 금지 ☘️ 반칙행위 금지 ☘️ 부정행위 금지  노력하면 누구나 청렴 할 수 있습니다. 청렴한 광주는 시민과 함께!! #청렴 #공정 #정의 #청탁금지 #반칙금지"|https://i.ytimg.com/vi/l-8via10zk8/default.jpg|"청렴광주청렴하는법부정행위부정청탁반칙행위금지부정부패광주광역시빛튜브"|24|ko|PT39S|false|327|11|1|3
-mGQm9AZi-M|2020-05-07T09:52:49Z|UCpCtv8fw6egexjhOJpN1IZw|"※ 누구인가? 지금 누가 침입자 소리를 내었어👀👀? 힐링의 두번째 출근!  왠지 적성에 맞는 것 같아요~내일도 출근해도 되나요?🥰 소주Go.2편_우치공원 ※"|"동물원 규모 국내 3번째!! 호남 최대 규모의 동물원이  생태 동물원으로 새 단장 했습니다! 소피아 주무관의 두번째 출근지 우치공원!  5월 6일부터 재개장! 꼭 놀러오세요~~!  동물들의 힐링 영상을 놓치지 않고 보시면  빛튜브 구독자를 위한 서프라이즈선물이 공개됩니다! 특별한 선물 놓치지 마세요!!  ※영상 촬영 진행 전 현장 스텝 및 출연자 모두 해당 동물에 관한 사전 교육을 실시했습니다.   🍀서프라이즈 이벤트 참여방법🍀 STEP1. 빛튜브 구독하고 영상 좋아요 누르기! STEP2. 해당화면 캡쳐후 네이버 폼 작성! 🎁🎁 http:naver.meG3tUS6rL STEP3. 영상에 댓글 달기!  널리 공유하시면 당첨확률이 UP!UP!  🍀자세한내용은 빛튜브 커뮤니티를 확인해주세요🍀  #우치공원 #소주고 #생태동물원"|https://i.ytimg.com/vi/-mGQm9AZi-M/default.jpg|"우치공원빛튜브소주고생활속거리두기코로나19동물원사육사이벤트서프라이즈댓글좋아요출근칼퇴근"|24|ko|PT8M43S|false|1938|104|2|69
7Vn1ScN1Wic|2020-05-06T06:22:52Z|UCpCtv8fw6egexjhOJpN1IZw|"정의롭고 따뜻한 고을, 광주만들기에 다 함께 동참합시다!"|"시대에 어둠이 드리울때면 숭고한 대의와 자기희생으로 역사의 물꼬를 바로 돌린 도시 '광주'  그 정신을 지키기 위해 우리 시민의 힘이 절실합니다.  법을 잘 지키는 준법 광주 안전한 교통문화 장착  차별없이 평등한 권익 광주  모두가 평등한 다문화사회 만들기  가치, 동행하는 행복 광주 나눔을 실천하는 사회복지  사회적 책임을 다하는 희망 광주 의향광주 법률지원단  정의롭고 따뜻한 고을, 광주만들기에 다함께 동참합시다!  #정의로운_광주 #따뜻한_광주 #빛튜브"|https://i.ytimg.com/vi/7Vn1ScN1Wic/default.jpg|"광주광역시빛튜브의향광주준법광주동행광주사회복지법률지원단권익광주달빛동맹"|24|ko|PT43S|false|124|11|1|2
0dc5AjORyK0|2020-05-04T06:12:16Z|UCpCtv8fw6egexjhOJpN1IZw|"당신의 봄을 선물해드립니다"|"[시민참여영상이벤트] 2020년 당신의 봄은? 1등에 당첨되신 나광진씨의  2020년의 봄을 영상으로 선물해드립니다.  이 외에 관심을 가져주신 모든 분들께 감사인사를 전하며 앞으로도 광주광역시 빛튜브에 많은 관심 가져주세요!! 💛💛  코로나 19 걱정없는 따뜻한 봄날을 광주시가 응원합니다.  #당신의봄 #시민참여이벤트 #빛튜브"|https://i.ytimg.com/vi/0dc5AjORyK0/default.jpg|"당신의봄이벤트당선작2020년봄코로나19시민참여이벤트광주광역시빛튜브학교코로나이겨내자경제극복"|24|ko|PT1M50S|false|336|19|0|2
TCwEnijRBYQ|2020-05-04T05:04:56Z|UCpCtv8fw6egexjhOJpN1IZw|"정부 긴급재난지원금 어떻게 신청할까요?"|"코로나19 극복을 위해 대한민국 국민에게 도움을 주고자 마련된 '긴급재난지원금' , 소득과 상관없이 모든 국민에게 드립니다!  긴급재난 지원금을 어떻게 신청하고, 어떤 수단으로 지급받을 수 있는지 꼭 확인하세요!!  💡긴급재난지원금, 우리 집은 얼마나 받나요? 가구당 40만원부터 100만원까지 전 국민에게 가구별로 지급 *(1인가구)40만원, (2인가구) 60만원, (3인가구) 80만원, (4인가구 이상)100만원 ※가구는 주민등록세대를 기준으로 하되, 건강보험 피부양자 개념 적용 ※이미 지자체로부터 일부 금액을 지급받은 경우 지원금이 달라질 수 있음  💡긴급재난지원금 조회서비스 이용하기  https:긴급재난지원금.kr 💡신용체크카드 이렇게 신청하세요 신청기간 : 2020.5.11(월) 07:00~ 세대주는 본인 명의의 체크카드, 신용카드로 신청가능합니다. 혼잡을 피하기 위해 출생년도 '요일제' 방식을 적용합니다 (온라인은 5.16부터 '요일제'제외) *(월)1,6 (화)2,7 (수)3,8 (목)4,9 (금)5,0(토,일)모두신청가능 💡광주상생카드 이렇게 신청하요 신청기간 : 2020.5.18(월) 09:00~ 세대주 신청이 원칙이나, 방문신청 · 수령 시 세대원 대리인도 가능합니다(위임장지참) 💡 거동이 불편하다면 찾아가는 신청을 이용하세요! 신청기간 : 2020.5.18(월) 09:00~ 자체서 방문접수 (전화상담)  #긴급재난지원금 #코로나19 #경제극복"|https://i.ytimg.com/vi/TCwEnijRBYQ/default.jpg|"코로나19코로나긴급재난지원금정부지원금경제극복광주상생카드신용카드체크카드광주광역시빛튜브지원금신청방법신청방법찾아가는신청"|24|ko|PT40S|false|2989|10|0|2
uVBtBGXsyF8|2020-04-29T04:55:55Z|UCpCtv8fw6egexjhOJpN1IZw|"광주시민들이 생각하는 '광주형일자리'"|"일자리 찾아 뿔뿔이 흩어지는 청년들. 갈수록 살기가 힘들어지는 경제상황에  한숨만 늘어가는 지역 기업들. 더이상 두고 볼 수 만은 없겠죠?  광주의 새로운 미래를 개척하기 위해  광주형일자리사업을 시작합니다.   광주시와 노동계가  지역 경제 발전을 위해  한 마음 한 뜻으로 참여하는 '광주형 일자리'  떠나는 광주에서  찾아오는 광주로의 출발, 앞으로의 모습이 기대되는데요.   시민들이 바라는 광주형일자리는 어떤 모습일지  시민들의 생각을 한 번 들어볼까요? #광주형일자리 #광주광역시 #지역경제발전"|https://i.ytimg.com/vi/uVBtBGXsyF8/default.jpg|"광주광역시지속가능한모델노사상생지역일자리미래를위한성장동력광주형일자리취업일자리광주시코로나19고용불안지역경제발전"|24|ko|PT1M37S|false|414|16|1|2
Jh11XBvpt_g|2020-04-28T08:48:22Z|UCpCtv8fw6egexjhOJpN1IZw|"[월간광주] 1월에는 아름다운 무등산"|"테마가 있는 금요일 광주 모음집! 테금주를 아시나요?  1월 한달의 테금주를 모은 영상 월간광주! 1월의 주제는 바로 #무등산 !  무등산은 산 위에서도, 산 아래서도 즐거운 곳 입니다!  #오매광주 #1월광주  오매광주 홈페이지 : http:tour.gwangju.go.kr 오매광주 블로그: https:blog.naver.comgwangju_city"|https://i.ytimg.com/vi/Jh11XBvpt_g/default.jpg|"월간광주테금주무등산오매광주랜선여행등산광주광역시광주시국립공원광주여행관광지광주관광"|24|ko|PT1M|false|283|4|3|1
uDJ2v8xQDso|2020-04-28T08:48:16Z|UCpCtv8fw6egexjhOJpN1IZw|"[월간광주] 3월에는 산책"|"3월의 테금주 #월간광주 주제는 #산책 입니다  코로나19의 여파로 밖에 나가지 못하고....... 집안에서 보낸 한 주 동안의 지친마음  월간광주의 자연을 보며 잠시 #힐링 하세요!   오매광주 홈페이지 : http:tour.gwangju.go.kr 오매광주 블로그: https:blog.naver.comgwangju_city"|https://i.ytimg.com/vi/uDJ2v8xQDso/default.jpg|"테금주3월주제산책월간광주광주관광광주여행오매광주빛튜브광주광역시전남대학교수목원풍암호수공원"|24|ko|PT55S|false|56|1|1|1
_K49exrqFiU|2020-04-28T08:48:10Z|UCpCtv8fw6egexjhOJpN1IZw|"[월간광주] 2월에는 아름다운 광주노을!"|"2월의 테금주! 월간광주 주제는 '#광주노을 ' 입니다!  밖에 나가 활동하기 힘든 2월 집에서 감상하는 광주의 노을!   광주에도 도심 속 노을, 자연 속 노을 등  아름다운 노을스팟들이 많이 있습니다! 영상으로 확인하시죠   오매광주 홈페이지 : http:tour.gwangju.go.kr 오매광주 블로그: https:blog.naver.comgwangju_city #테금주 #서창들녘"|https://i.ytimg.com/vi/_K49exrqFiU/default.jpg|"테금주월간광주광주노을사직공원무등산전망대서창들녘산책오매광주광주여행광주관광광주광역시빛튜브"|24|ko|PT59S|false|54|1|0|1
jYFjOKgIuhY|2020-04-28T08:47:37Z|UCpCtv8fw6egexjhOJpN1IZw|"[월간광주]  4월은 랜선 꽃놀이"|"4월의 테금주 월간광주 주제는 #랜선꽃놀이 입니다! 이번영상은 사진으로 구성되었습니다!  4월의 꽃놀이를 랜선으로 즐겨봐요!  오매광주 홈페이지 : http:tour.gwangju.go.kr 오매광주 블로그: https:blog.naver.comgwangju_city #오매광주 #빛튜브"|https://i.ytimg.com/vi/jYFjOKgIuhY/default.jpg|"4월월간광주랜선꽃놀이테금주오매광주광주여행문화관광꽃놀이광주꽃놀이빛튜브광주광역시운천저수지"|24|ko|PT1M|false|120|6|1|1
T8RFeQZ1guU|2020-04-24T07:26:44Z|UCpCtv8fw6egexjhOJpN1IZw|"※ 가는 날이 장 날 hoxy 출근을 미룰수있나요😢😢..출근 첫날부터 문서감옥에 갇혀버린 소피아 술안마시고 음주가무텐션👍🏻 그래서 제 돈은 언제주나요  소주Go.1편  ※"|"유튜버의 공무원 도전기! 소피아 주무관이 Go!(소주Go)  수완동 행정복지센터에 소피아가 떴다! 첫 도전기 동시에.... hoxy 출근 다음 주로 미룰수 있나요...?😢😢  광주시에서 진행하는 가계긴급생계비 지원때문에 정신없이 바쁜 행정복지센터 누가 알아주지 않아도... 사명감을 가지고 일하는 많은 사람들... Respect!👍🏻👍🏻  동장님의 수완동 자랑TIME 놓치지 말고 영상으로 확인해주세요!😉  #소주고 #공무원 #긴급생계비"|https://i.ytimg.com/vi/T8RFeQZ1guU/default.jpg|"광주광역시빛튜브소피아수완동행정복지센터수완지구가계긴급생계비소주고공무원공튜브유튜버도전기코로나19워크맨"|24|ko|PT7M55S|false|1868|40|4|11
HuKTdmwwIz4|2020-04-22T02:48:39Z|UCpCtv8fw6egexjhOJpN1IZw|"🎈 황금연휴가 자극해도~ 🌸봄바람이 유혹해도~  🚨자나깨나 코로나19 조심 !  👀 사회적거리두기 계속 실천해 주실꺼죠? 🙏"|"코로나19는 점점 주춤해는 듯 하고,  봄바람은 살랑살랑 불어오니 나들이 생각이 간절하시죠??   🚨❌ 그러나 방심은 절대 금물! ❌🚨 더욱이 황금연휴가 시작되는 이번 주 목요일, 전국 지자체에서는 코로나19 지역 감염 확산을 막기 위해  국민들의 사회적 거리두기 참여를 권하고 있습니다.   잠깐의 봄나들이 때문에  내 가족, 내 이웃의 안전을 위협해서는 안되겠죠? 5월 5일까지 연장된 사회적 거리두기, 적극 동참해주시기 바랍니다.    💡연장된 사회적 거리두기💡  1.유흥시설, 일부 생활체육시설, 학원, 종교시설 등 4대 밀집 지역 시설의 경우      : 운영 중단 권고 →운영 제한 권고 조정 2. 국립공원, 자연휴양림 등 실외 공공시설의 경우     : 방역 수칙 마련을 전제로 단계적 운영 재개 3. 야외 스포츠의 경우      : 무관중 경기와 같이 위험도를 낮출 경우 허용 가능 4. 필수 자격증 시험, 채용 시험 등의 경우     : 방역수칙 철저 준수 조건으로 제한적 시행 5. 개개인의 경우      : 꼭 필요하지 않거나 급하지 않은 모임, 외출, 행사는 가급적 자제 권고   우리는 코로나19 이겨낼 수 있습니다. 모두가 협력한다면 분명히 그날이 올 것입니다.💪🏻💪🏻  ※ 더 많은 사람들이 알 수 있도록 주변 사람 모~~ 두에게 널리널리 공유해주세요!  🚨본영상은 [사회적거리두기] 캠페인을 쉽게 알리기 위해 비영리목적으로 제작된 영상입니다.  캠페인 참여를 위해 공유는 가능하나, 해당 영상의 무단 복제를 금합니다.🚨  #황금연휴 #사회적거리두기 #코로나19"|https://i.ytimg.com/vi/HuKTdmwwIz4/default.jpg|"코로나19사회적거리두기캠페인코로나19의휴일사회적거리두기광주광역시광주빛튜브힘내라대한민국힘내라광주의료진캠페인홍보황금연휴봄나들이"|24|ko|PT2M45S|false|864|22|4|3
FqLvsLfWe2I|2020-04-22T01:26:52Z|UCpCtv8fw6egexjhOJpN1IZw|"🚨코로나19 극복 한전과 함께해요"|"코로나19로 어려움을 겪고 계신 소상공인과 취약계층 분들을 위해 한전이 특별한 지원 방안을 준비했는데요.  많은 분들께 봄날의 햇살처럼 따스한 힘이 되길 바라며 자세한 내용은 영상으로 만나보세요!  한전은 코로나19 위기를  이겨내는 날까지 늘 함께 하겠습니다.  #힘내요_대한민국 #코로나19 #전기요금_지원사업 #전기요금_감면 #납부유예 #광주광역시 #소상공인 #특별재난지역 #한국전력 #한전 #KEPCO"|https://i.ytimg.com/vi/FqLvsLfWe2I/default.jpg|"한국전력코로나19극복광주광역시특별재난지원전기요금감면전기요금감면KEPCO소상공인지원지원대책"|24|ko|PT1M39S|false|141|9|5|1
ZmyFmwQjN78|2020-04-20T08:17:09Z|UCpCtv8fw6egexjhOJpN1IZw|"광주가 전하는 코로나19 극복 메시지 [함께의 힘으로]"|"서로의 아픔을 어루만져주던 1980년 광주의 5월, 봄 햇살만큼이나 따뜻했던 그 날의 기억이  2020년 대한민국에서 재현되고 있습니다.   나눔과 연대라는 이름의 수많은 주먹밥... 고통을 함께 나누는 사람들... 위기 속에서 더욱 빛을 발하는  나눔과 연대의 광주정신입니다.   "나눔과 연대", 코로나19를 이겨낼 가장 강력한 치료제입니다.   #광주광역시 #518민주화운동 #광주정신 #코로나 #코로나19 #518"|https://i.ytimg.com/vi/ZmyFmwQjN78/default.jpg|"광주광역시나눔과연대주먹밥사회적거리518민주화운동518민주화운동의료진코로나코로나19힘내라대한민국"|24|ko|PT1M3S|false|355|18|1|3
Ym12o6foMcY|2020-04-20T06:43:01Z|UCpCtv8fw6egexjhOJpN1IZw|"[제 12회 기후변화주간] SOS 기후행동!  나의 지구를 구해줘!"|"“SOS 기후행동! 나의 지구를 구해줘”  환경부는 2009년부터 매년 지구의 날을 전후한  일주일을기후변화주간으로 정하여  기후변화의 심각성을 알리고 저탄소생활에  대한사회적 공감대를 형성하여 국민들이 참여하는  다양한 캠페인을 전개해 왔습니다.🤗  올해는 열두번째 기후변화주간으로 코로나-19 확산 방지를 위해  온라인 캠페인과 홍보를 중심으로 진행됩니다.  또한, 4월 22일 오후 8시부터는  지구의 날을 맞아소등행사가 전국 각지에서 10분 간 진행됩니다.🙏🏻  기후위기의 시대를 맞이한 지금,  우리 모두가 이 문제를 함께 공유하고생활 속에서  온실가스를 줄이기 위한 기후행동을 해야 할 때입니다.   [기후변화주간 에는 이렇게 해주세요!] ▶️ 대중교통을 이용하고, 가까운 거리는 걷기 ▶️ 안 쓰는 가전제품 플러그는 뽑기 ▶️ 재활용이 가능한 쓰레기는 분리배출 ▶️ 비닐봉지 대신 장바구니 이용하기 ▶️ 일회용 컵 대신 텀블러 사용하기  🍀 기후변화주간 : 2020.4.22.(수)~4.28.(화) 1주일 🍀 지구의 날 전국 동시 소등 행사 : 2020.4.22.(수) 20:00~20:10(10분간)  #기후변화주간 #지구의날 #소등행사"|https://i.ytimg.com/vi/Ym12o6foMcY/default.jpg|"광주광역시지구의날기후변화주간기후행동SOS소등행사빛튜브저탄소친환경지구"|24|ko|PT41S|false|434|9|2|2
Z-aadOFylXE|2020-04-16T08:05:04Z|UCpCtv8fw6egexjhOJpN1IZw|"[👀보고👂🏻듣는 ASMR] 힐링 인 광주(Healing in Gwangju)_칠석마을 편(4K)"|"지친 일상을 잠시나마 치유해줄 빛튜브에서 준비한 멍때리기 프로젝트🎁  첫번째 장소는 광주의 가장 남쪽 마을 칠석마을(광주광역시 남구 대촌동) 입니다.  자연 · 풍경 · 휴식 · 전통 · 사람들 옛 모습을 간직하며 정겨운 고향의 풍경☺️ '칠석마을'  매년 이맘때가 되면 일 년 농사가 잘되기 바라는 마음을 담아낸 오랜 풍습, 정월 대보름 세시 풍속으로 내려온 민속놀이 '고싸움놀이'가 한창이지만, 올해는 코로나19 때문에 무기한 연기가 돼서 😢 축제를 못하고 있는 상황입니다. 신명나는 고싸움 보는 날이 빨리 오길 바라며   우리의 것을 지켜가는 아름다운 마을 세상만사 '고'로 엮고 풀리는 낭만과 흥이 더불어 넘실대는  칠석마을로 함께 가 보시죠! (빛튜브와 함께하는 랜선여행입니다)  🚨🚨🚨대신 가 드립니다!!🚨🚨🚨 코로나19 때문에 가지 못했던 광주의 숨은 명소나 관광지가 있다면 댓글을 달아주세요!  빛튜브가 찾아갑니다!  #ASMR #힐링광주 #칠석마을 #4K"|https://i.ytimg.com/vi/Z-aadOFylXE/default.jpg|"광주광역시빛튜브칠석마을ASMR고싸움칠석동고싸움놀이민속놀이사회적거리두기보름랜선여행고향소리힐링힐링영상광주"|24|ko|PT6M6S|false|648|25|1|4
IYD9b9fHvdw|2020-04-10T09:16:32Z|UCpCtv8fw6egexjhOJpN1IZw|"[제 21대 국회의원선거] 코로나 와Do 우리Do 투표할수있어!💪🏻"|"사회적거리두기 기간에도 안전하게 투표하는 방법! 빛튜브에서 먼저 해봤습니다☺️  내 손으로 내가 직접 만드는 대한민국 ! 제21대 국회의원선거 투표절차의 모든 것  ✔️4·15 총선 투표참여 대국민행동수칙✔️  💡 (사전)투표소 가기 전 신분증 준비하기  💡 마스크 착용하고 (사전)투표소 가기  💡 (사전)투표소 입구에서 발열체크를 받고, 손 소독제로 꼼꼼하게 소독 후 일회용 비닐장갑 착용하기  💡 (사전)투표소 안· 밖에서 다른 선거인과 1m 이상 거리 두기  💡 (사전)투표소에서 본인확인 시 마스크 잠깐 내리기  ✔️ 투표하러 갈 때 필요한 준비물은?! ✔️ 본인임을 확인할 수 있는 신분증과 마스크 운전면허증, 여권 등 공공기관이 발행한 신분증으로 준비해주세요.  ✔️ 사전투표 기간 ✔️ 4월 10일(금) ~ 4월 11일(토) 오전 6시 ~ 오후 6시  ✔️ 선거일 ✔️ 4월 15일(수) 오전 6시 ~ 오후 6시  2020년 4월15일은 제21대 국회의원선거입니다. 여러분의 한표의 가치는 어마어마합니다! 투표 절차와 필요 준비물을 확인 후 여러분의 소중한 한 표를 행사하세요!  #21대국회원선거 #사전투표 #투표방법"|https://i.ytimg.com/vi/IYD9b9fHvdw/default.jpg|"광주광역시빛튜브선거방법투표방법21대국회의원선거투표선거관리위원회만18세2002년사천칠백당신의한표한표권리"|24|ko|PT4M16S|false|2042|41|5|7
WmXmQdgfxws|2020-04-06T09:03:36Z|UCpCtv8fw6egexjhOJpN1IZw|"🌸 [시민참여 영상이벤트]  2020년 당신의 봄은?🌸"|"만약, 코로나19가 없었다면 🙏🏻 2020년 당신이 꿈꿔온 봄은 어떤모습이었나요?  코로나19로 인해 차가워진 분위기를  따뜻하게 만들어줄 영상이벤트를 시작합니다🎁  🌸참여기간 : 2020. 4. 6.(월) ~ 2020. 4. 19.(일)🌸  🌸빛튜브 구독설정후 이벤트 안내영상 좋아요 누르기 🌸🌸링크를 통해 당신의 봄, 사연응모  (과거 광주의 봄에 관한 추억이나 2020년 계획했던 일 등) http:naver.meGe8f9rdq 🌸🌸🌸당선작으로 영상제작됩니다.  ✔️2020년 광주시민이 그리는 봄 (가제)  ☘️당첨 확률 올리는 TIP 1. 본 영상에 댓글을 달아주세요 2. 영상 공유를 많이 할수록 당첨확률은 UP UP!  🎁🎁이벤트 상품🎁🎁 1등 문화상품권 30만원(1명)   2등 푸라닭치킨 블랙알리오(35명) 결과발표는 2020년 4월 말 추후 공지됩니다.  #당신의봄 #랜선꽃놀이 #빛튜브 #광주광역시"|https://i.ytimg.com/vi/WmXmQdgfxws/default.jpg|"광주광역시빛튜브당신의봄랜선여행랜선꽃놀이사연이벤트이벤트2020년봄운천저수지"|24|ko|PT35S|false|1830|89|1|45
w0gRcONMZZ0|2020-04-05T07:25:18Z|UCpCtv8fw6egexjhOJpN1IZw|"코로나19로 힘든 2020년 봄, 우리 시민들을 응원합니다."|"코로나19로 전 세계가 비상 상황이지만  올해도 어김없이 눈앞에 펼쳐진 광주의 봄 풍경은 집콕 생활을 더욱 지치게 만듭니다.   그러나 높아진 대구의 완치율, 줄어드는 확진자 수를 보며  대한민국 국민들이 다시 한 번 위대하다는 생각이 드는데요~ 우리 시민들 역시 질 수 없겠죠~  고강도 사회적 거리두기! 우리 앞으로 2주만 더 견뎌보자구요!  광주 시민 모두 파이팅! 대한민국 파이팅! 입니다.  #코로나19 #고강도사회적거리두기 #대국민응원"|https://i.ytimg.com/vi/w0gRcONMZZ0/default.jpg|"광주광역시코로나코로나19지역확산방지고강도사회적거리두기캠페인응원메시지"|25|ko|PT2M35S|false|749|25|0|0
wDRz3860J_8|2020-04-01T07:32:05Z|UCpCtv8fw6egexjhOJpN1IZw|"🚨코로나19 일상생활에서 사회적거리두기"|"#코로나19 #사회적_거리두기 일상생활에선 이렇게 하세요! ──────────────────  ✔ 모임·외식·여행 미루거나 취소하기 ✔ 발열·기침 등 증상 있다면 출근 안하기 ✔ 외출 자제하기 ✔ 2m 건강거리 지키기 ✔ 비누로 꼼꼼히 손씻기 ✔ 매일 소독·환기 하기  국민 모두 하나 된 마음과  행동하는 힘만이 위기를 극복할 수 있습니다. #힘내라_대한민국"|https://i.ytimg.com/vi/wDRz3860J_8/default.jpg|"코로나바이러스코로나19사회적거리두기대한민국화이팅일상생활광주광역시빛튜브"|25|ko|PT53S|false|1268|10|2|1
aQ9oJKtu37U|2020-03-31T02:06:10Z|UCpCtv8fw6egexjhOJpN1IZw|"🚨코로나19 이제 그만~! 광주시민에게 제안하는 고강도 사회적거리두기 캠페인 2편 [집콕의 마법사]"|"대중에게 크게 사랑을 받았던 기억 속 명작을 통해  광주 시민 모두에게 제안하는  고강도 사회적 거리두기, 그 두 번째 캠페인입니다!😊  길어지는 코로나19로 인해 😢 바깥 활동이 어려운 지금, 아이들은 물론이고 어른들까지 신경이 곤두서 있으실 것 같은데요.   강제적 집돌이, 집순이가 늘어나고 있는 2020년 대한민국,   이왕하는 자가격리, 슬기롭게 즐겨보자!😎😎  몸도 마음도 즐거운 격리의 세계.....  #코로나19 #집콕의마법사 #힘내라_대한민국"|https://i.ytimg.com/vi/aQ9oJKtu37U/default.jpg|"광주광역시코로나19집콕격리생활격리재택근무집콕의마법사오즈의마법사강도높은사회적거리두기캠페인고강도 사회적거리"|25|ko|PT2M47S|false|747|25|2|5
kHNBGxuCCOM|2020-03-25T09:23:19Z|UCpCtv8fw6egexjhOJpN1IZw|"🚨코로나19 이제 그만~! 광주시민에게 제안하는 고강도 사회적거리두기 캠페인"|"3월22일부터 4월5일까지  대한민국 국민 모두가 실천하는 강도 높은 사회적 거리두기! 코로나19 확진자가 급증하면서 정부가 지역사회 감염 차단을 위해 실시하고 있는 캠페인으로 많은 사람이 모이는 행사 및 모임 자제, 외출 자제, 재택근무 확대 등이 이에 해당되는데요.   💡국민행동지침💡 1. 불필요한 외출, 모임, 외식, 행사, 여행 등은 연기 또는 취소해주세요! 2. 발열, 기침, 호흡기 증상이 있으면 출근하지 마세요! 3. 생필품 구매 등 꼭 필요한 경우가 아니라면 외출 자제해 주세요! 4. 악수 등 신체 접촉은 피하고, 개인 간 2m 건강 거리를 지켜주세요! 5. 손씻기, 기침 예절 등 개인위생수칙을 준수해 주세요! 6. 사무실, 집 등 매일 주변 환경을 소독하고 환기하는 것을 잊지 마세요!  “코로나19는 가고, 대한민국의 따뜻한 봄만 남도록          광주 시민 모두가 앞으로 15일 최대한 집에서만 생활해 주세요✨”  ※ 더 많은 사람들이 알 수 있도록 주변 사람 모~~ 두에게 널리널리 공유해주세요! 🚨본영상은 [고강도 사회적거리두기] 캠페인을 쉽게 알리기 위해 비영리목적으로 제작된 영상입니다.  캠페인 참여를 위해 공유는 가능하나, 해당 영상의 무단 복제를 금합니다.🚨 #코로나19 #강도_높은_사회적_거리두기 #힘내라_대한민국"|https://i.ytimg.com/vi/kHNBGxuCCOM/default.jpg|"코로나19사회적거리두기캠페인광주광역시시민행동지침직장인행동지침사업주행동지침바이러스감염증사회적거리두기코로나대한민국_화이팅빛튜브"|25|ko|PT1M44S|false|11699|225|5|22
mz48jzqH5wE|2020-03-24T05:51:42Z|UCpCtv8fw6egexjhOJpN1IZw|"🚨코로나19 피해 가구 및 실직자를 위한 광주형 3대 긴급생계자금 지원"|"💡광주광역시가 코로나19로 어려움을 겪는 시민들의 생활 안정과 지역 경제 활성화를 위해 광주형 3대 긴급 생계자금 지원 대책을 발표했습니다!  ①가계긴급생계비 ②특수고용직 생계비 ③실·휴직자 생계비 합산 최고 100만원 한도 지원됩니다.  ①가계긴급 생계비 🎈지원대상 : 중위소득 100%이하 가구 (*중위소득이란 ? 전국민을 100명이라고 가정시 소득 규모순 50번째사람 소득으로, 통계청에서 포본조사를 통해 발표.) 🎈지원내용 : 1~2인 가구 30만원, 3~4인 가구 40만원, 5인이상 가구 50만원 (1회,광주상생카드 지급) 🎈신청절차 : 4월 1일부터 주민등록 기준 주민자치센터 방문 또는 시 공식 홈페이지 내 전용배너를 통한 온라인접수  ②특수고용직 생계비 🎈지원대상 :  1)특고직종 : 보험설계사, 건설기계운전원, 학습지교사 등 2)교육분야 : 교육연수기관 강사, 스포츠 강사 및 트레이너 등 3)여가분야 : 문화예술, 연극·영화·관광서비스 종사원 등 4)운송분야 : 대리운전원 등 🎈지원내용 : 1일 2만 5천원 또는 소득감소액, 월 최대 50만원 한도(2개월분) 🎈신청 절차 : 4월 13일 부터 주민자치센터 신청  ③실직·휴직자 생계비 🎈지원대상 : 100인미만 사업장의 실직자와 무급휴직 근로자 🎈지원내용 : 1일 2만 5천원(1일 8시간 기준), 월최대 50만원 한도(2개월분) 🎈신청절차 : 4월 13일부터 주민자치센터 신청  광주형 3대 긴급 생계자금 지원은 광주에 소재한 사업장과 2월 3일 이후  계속해 광주에 주민등록이 된 시민이라면 누구나 신청이 가능합니다!😊  광주형 3대 긴급생계자금 지원이 코로나19로 침체된 광주에 희망의 불씨가 되길 바랍니다.🙏🏻  #광주광역시 #3대긴급생계자금 #코로나19 #민생안정대책"|https://i.ytimg.com/vi/mz48jzqH5wE/default.jpg|"광주광역시민생안정대책3대긴급생계자금코로나19이겨냅시다지역경제가계긴급생계비특수고용직 생계비실·휴직자 생계비"|24|ko|PT41S|false|3914|17|5|12
caBn4o3XlTo|2020-03-20T05:53:34Z|UCpCtv8fw6egexjhOJpN1IZw|"광주 시민은 계획이 다 있구나? [ 2021 시민제안사업 공모]"|"시민의 좋은 제안이 더 좋은 광주를 만듭니다.🙏🏻🙏🏻   ​'부담스러운 중고등학교 신입생 교복비를 지원한다면?’ ‘소방 시설이 취약한 우리 동네에 주택용 소방시설을 만든다면?’  4년째 시민의 좋은 아이디어를 정책으로 반영해👀 시민과 함께하고 있는 광주광역시!  ​올해도 시민들에게 꼭 필요한 사업을 시민의 목소리로 듣고자 2021 시민제안사업 공모를 실시합니다.  ✔️시민제안사업 공모 란? 시민의 좋은 아이디어가 예산에 반영될 수 있도록 예산편성 과정에 시민들로부터 다양한 사업을 제안받아 시민참여예산위원회 심의 과정을 거쳐 예산에 반영하는 사업 입니다.  ✔️신청자격  광주광역시에 거주하는 일반 시민과 단체라면 누구나!  ​✔️신청분야  복지건강, 환경생태, 도시재생, 교통건설, 문화관광체육, 일자리경제, 일반행정  ​✔️신청대상  시정참여형 ▼ 시 전체 또는 2개 구 이상 도시문제 해결, 편익 향상 사업(5억 원 이하 단년도 사업)  지역참여형 ▼ 단일 자치구 대상 주민 불편 해소, 편익 향상 사업(5천만 원 이하 단년도 사업)  ​✔️신청기간  2020.03.16.(월) ~ 04.24.(금)  ✔️제안선정절차 는 어떻게 되나요? ① 공모에 접수된 사업을 유형별로 분류해 사업 부서에서 검토 ② 구참여예산위원회와 시운영위원회에서 사업 심사 ③ 그 후 총회와 시민 투표를 거쳐 사업 선정을 결정 ④ 예산 반영·편성   ✨자세한 내용은 홈페이지에서 확인할 수 있습니다!  💡 http:yesan.gwangju.go.kr #시민제안사업 #시민참여예산 #광주광역시  #공모중"|https://i.ytimg.com/vi/caBn4o3XlTo/default.jpg|"광주광역시제안사업시민제안사업시민참여예산공모중제안2021"|24|ko|PT1M1S|false|146|3|3|0
ngziN9QlkBI|2020-03-16T08:52:00Z|UCpCtv8fw6egexjhOJpN1IZw|"생활속 안전위험요인! 안전신문고 앱으로 신고하세요"|"도로파손, 건물 균열, 불법 주정차, 비상구 잠김, 간판 파손, 전선 늘어짐,  가로등꺼짐, 보도블록 파손 생활속 안전위험요인! 😢 안전신문고 앱으로 신고하세요  ✔️안전 신문고 앱을 다운받아 실행후 ✔️ 사진 촬영, 위치, 내용 입력후 제출을 누르면 끝🤗  * 안전신고는 안전신문고 홈페이지(http:www.safetyreport.go.kr)를 통해서도 신고할수있습니다. (신고된 내용은 통상 7일이내 처리결과를 받아 볼 수 있습니다.)  안전신문고로 신고하면 대한민국이 더 안전해집니다  #광주광역시 #안전신문고 #안전사고 #안전대한민국"|https://i.ytimg.com/vi/ngziN9QlkBI/default.jpg|"광주광역시안전신문고안전신문고앱안신앱위험요인불법주정차간판파손도로파손건물균열"|24|ko|PT41S|false|56|3|1|0
-oKgkzJZ-bk|2020-03-06T09:11:53Z|UCpCtv8fw6egexjhOJpN1IZw|"나라를 되찾고, 나라를 지키고, 나라를 바로세우기 위한 그 마음은 같습니다"|"2020 우리는 기억합니다 봉오동·청산리 전투 전승 100주년 "나라를 되찾기 위한 그 마음을"  6·25전쟁 70주년 "나라를 지키기 위한 그 마음을"  4·19혁명 60주년 -2·28민주운동, 3·8민주의거, 3·15의거- 5·18민주화운동 40주년 "나라를 바로 세우기 위한 그 마음을"  그 마음은 같습니다 그 마음을 이어갑니다 #국가보훈처 #광주광역시 #그_마음을_기억합니다 #그_마음을_이어갑니다"|https://i.ytimg.com/vi/-oKgkzJZ-bk/default.jpg|"광주광역시국가보훈처518민주화운동봉오동전투청산리전투625전쟁419혁명228민주운동38민주의거315의거"|24|ko|PT31S|false|92|5|0|0
BnbEToJDmZE|2020-03-05T08:53:45Z|UCpCtv8fw6egexjhOJpN1IZw|""사회적 거리는 멀게 심리적 거리는 가깝게" 코로나 19 함께 극복해 나갑시다"|"평범한 일상을 바꿔버린 코로나19 사태로 그 어느 시간보다 힘겨운 하루하루를 보내고 있는 사람들 광주가 나눔과 연대의 정신으로 '함께' 위기를 극복해 나가고 있습니다  꽃 사주기, 헌혈 동참으로 희망을 꽃피우고 전통시장과 지역 소상공인을 위해 '온기'를 더하고 나눔과 연대 정신으로 든든하게 지켜내고 있습니다.  혼자가 아닌 함께 한다면 위기를 기회로 바꾸는 기적이 시작된다고 믿기에 모든 역량을 결집해 나눔과 연대의 정신으로 코로나19 함께 이겨내요 #광주광역시 #함께_이겨내요  #1339콜센터 #코로나바이러스감염증"|https://i.ytimg.com/vi/BnbEToJDmZE/default.jpg|"광주광역시빛튜브코로나19극복감염증바이러스1339콜센터코로나"|24|ko|PT41S|false|261|10|0|1
9m8whx8vJTs|2020-03-04T07:42:15Z|UCpCtv8fw6egexjhOJpN1IZw|"🚨코로나바이러스감염증-19 국민 행동수칙(수어포함)"|"코로나바이러스감염증-19 국민 행동수칙 함께 지키면 예방할 수 있습니다🤙  일반국민과 고위험군, 유증상자 등 상황에 맞는 예방행동을 지금 확인해주세요!👀  ⭐️국민행동수칙 ✔흐르는 물에 비누로 꼼꼼히 손씻기 ✔기침할 땐 옷소매로 입과 코를 가리기 ✔씻지 않은 손으로 눈·코·입 만지지 않기 ✔의료기관 방문 시 마스크 착용  ✔사람 많은 곳 방문 자제 ✔발열·호흡기 증상자와 접촉 피하기  ⭐️고위험군(임신부, 65세 이상,만성질환자) 행동수칙 ✔사람 많은 곳 방문자제 ✔의료기관 방문, 외출 시 마스크 착용  ⭐️유증상자(발열·호흡기증상이 나타난 사람) 행동수칙 ✔출근·등교 등 외출자제하기 ✔3~4일 경과 관찰하며 집에서 휴식 취하기 ✔①증상이 심해지면 (콜센터 1339) 지역보건소 문의 터②선별진료소 방문 ✔의료기관 방문시 마스크 착용및 자차 이용하기 ✔진료 시 해외여행력, 호흡기 증상자와의 접촉여부 알리기   #코로나19 #국민행동수칙 #콜센터1339 #더많은_국민들에게_전달될수있도록_공유_부탁드립니다 #힘내라_대구경북 #힘내라_대한민국"|https://i.ytimg.com/vi/9m8whx8vJTs/default.jpg|"코로나바이러스감염증코로나국민행동수칙질병관리본부광주광역시팩트체크예방법유증상자격리자코로나19"|24|ko|PT1M46S|false|29677|106|7|35
z9xLy-z-Pf4|2020-02-28T09:12:25Z|UCpCtv8fw6egexjhOJpN1IZw|"🚨 코로나바이러스감염증-19 예방을 위한 올바른 마스크 선택과 사용법"|"💡착용전, 손을 깨끗이 소독해주는것은 필수입니다  ✔️마스크는 언제, 어떻게 착용해야 하나? (KF80이상 : 바이러스 차단 및 예방목적  KF94 이상 : 의료기관용) ①기침,재채기,콧물 등 호흡기 증상자 ②바이러스 감염증 의심자를 돌보는 자  ③의료기관을 방문하는자 감염위험이 높은 다중접촉 직업군 (운전기사, 역무원, 택배기사 등)  ✔️마스크 착용이 필요하지 않은 경우 혼잡하지 않은 야외, 개별공간  ✔️올바른 마스크 착용법은? ①착용 전 손을 깨끗이 씻고 마스크를 쓰세요 ②마스크 착용 후, 얼굴과 마스크 사이에 틈이 없는지 확인하세요 (마스크 안에는 수건, 휴지 금지!) ③착용 후에는 마스크를 만지지 마세요 (만일 마스크를 만졌다면 손을 깨끗이 씻으세요)  감염병 예방! 올바른 마스크 착용에서부터 시작됩니다!  #코로나19 #마스크 #KF80 #KF94"|https://i.ytimg.com/vi/z9xLy-z-Pf4/default.jpg|"마스크사용법광주광역시코로나19코로나신종코로나전염병마스크사용법KF94KF80"|24|ko|PT1M1S|false|5839|21|3|6
0TiLG3Xr1QA|2020-02-27T10:06:24Z|UCpCtv8fw6egexjhOJpN1IZw|"🚨 코로나바이러스감염증-19 감염 의심 증상 시 행동수칙"|"✔️발열, 기침 등 호흡기 증상 시 '마스크'를 꼭 착용해주세요. ✔️외출을 자제하고 집에서 1~2일 경과를 관찰해 주세요! ✔️의료기관 방문 전 질병관리본부 1339 콜센터 120 광주콜센터 지역 보건소를 통해 안내받으세요  ☎광산구 광산구보건소 062-960-8859 첨단종합병원 주 : 062-601-8771 야: 062-601-8119 KS병원 062-975-9119  ☎남구 남구보건소 062-607-4450 광주기독병원 062-650-5119  ☎동구 동구보건소 062-608-3312  ☎북구 북구보건소 062-410-8961 광주일곡병원 062-608-7119  ☎서구 서구보건소 062-350-4158 서광병원 062-600-8119  #코로나19 #행동수칙 #1339콜센터 #코로나바이러스"|https://i.ytimg.com/vi/0TiLG3Xr1QA/default.jpg|"코로나바이러스광주광역시행동수칙전염병손세정제마스크코로나감염의심증상"|24|ko|PT31S|false|14750|46|2|18
J6axO1bephI|2020-02-17T09:26:26Z|UCpCtv8fw6egexjhOJpN1IZw|"🚨코로나바이러스감염증-19 국민 예방수칙"|"인 위생수칙과 행동수칙 꼭 기억하세요!🤙  ✔비누로 30초 이상 꼼꼼하게 손씻기! ✔기침할 땐 옷소매로 입과 코를 가리기! ✔기침 등 호흡기증상이 있다면 마스크 착용! ✔선별진료소(의료기관) 방문 시 해외여행력 알리기!   ☎️발열·호흡기 증상 발생 시 1339 또는 보건소로 문의  감염병 피해 최소화를 위해 시민 여러분의 관심과 동참이 필요합니다.  ▶광주광역시 코로나-19 상세현황 : https:c11.krdcnv #예방법 #코로나19 #1339콜센터 #코로나바이러스감염증-19"|https://i.ytimg.com/vi/J6axO1bephI/default.jpg|"광주광역시코로나바이러스바이러스예방법코로나191339콜센터"|24|ko|PT41S|false|1289|14|0|0
mPqCma5pTCA|2020-02-06T08:54:56Z|UCpCtv8fw6egexjhOJpN1IZw|"신종코로나바이러스감염증 오해와진실"|"안타깝게도 우리 지역 광주에서 확진자가 발생한 가운데, 시민 모두가 감염의 위험성으로 인해 걱정이 많습니다.  더군다나 넘쳐나는 기사와 위험성에 관한 가짜 뉴스들로 인해  공포감이 극대화되고 있는데요. 가짜 뉴스와 관련 정보들은 오히려 시민들의 안전을 위협할 뿐입니다! ★질병관리본부 또는 광주시에서 제공되는 정보와 기사★들을 통해 정확한 예방 수칙등을 확인해 주시길 당부드립니다. 현재 광주시에서는 신종 코로나바이러스감염증의 확산을 막기 위해 노력 중입니다.  광주 시민 여러분들도 질병관리본부에서 제공하는 예방 수칙(메인화면 영상)을 꼭 지켜주시길 바랍니다.    신종코로나바이러스감염증에 대한 오해와 진실! 지금부터 영상을 통해 확인해 주세요~  - 더이상의 코로나바이러스감염증 확산을 막기 위해"|https://i.ytimg.com/vi/mPqCma5pTCA/default.jpg|"광주광주광역시코로나신종 코로나코로나확진자의심대상자예방백신광주 코로나신종코로나바이러스독감신종코로나바이러스감염증감염감염예방질병관리본부광주시청"|24|ko|PT1M1S|false|418|9|2|1
dFB8tigL6sQ|2020-01-28T02:06:45Z|UCpCtv8fw6egexjhOJpN1IZw|"신종 코로나바이러스 감염증, 꾸준한 예방만이 정답입니다!"|"신종 코로나바이러스 감염증, 꾸준한 예방만이 정답입니다!  매일매일 쏟아지는 보도 내용에 불안하시죠??  현재 대한민국을 물론,  전세계가 신종코로나바이러스 감염증 공포에 떨고 있습니다~ 보다 적극적인 대응을 위해  정부는 1월 28일부터는 중국 전역을 검역대상 오염지역으로 지정! 신종 코로나바이러스 감염증과의 전쟁을 선포했습니다.   우리 시도 광주 시민들이 안전하게 생활할 수 있도록  다양한 대안을 마련하고 있으니, 시민 개개인 모두가 예방책을 숙지해  신종 코로나바이러스 감염증 공포를 떨쳐내보록 해요~!  하나. 기침 등 호흡기 증상이 있을 경우 마스크 착용 필수!        (특히 의료기관 방문시에는 의무!!)  둘. 후베이성 등 중국 방문 후 의심증상 발생 시       관할 보건소 또는 1339문의하기!  셋. 중국 여행력을 의료진에게 알려주기!  보다 철저한 시민의식으로 150만 광주 시민 모두의 안전을 지켜보아요~~^^ #코로나바이러스 #코로나예방법 #1339콜센터"|https://i.ytimg.com/vi/dFB8tigL6sQ/default.jpg|"광주광역시코로나바이러스신종코로나코로나예방법감염증예방법우한폐렴1339콜센터"|24|ko|PT31S|false|1602|23|1|0
t7zCEkug170|2020-01-02T08:50:41Z|UCpCtv8fw6egexjhOJpN1IZw|"대한민국이 가진 특별한 도시, 광주 A Unique City of Korea, Gwangju"|"한반도 서남부의 메트로폴리탄   동북아시아 무역블록의 중심에 위치한  글로벌 비즈니스 시티  특유의 시대정신과 사명감으로 한국의 정치와 경제를 앞에서 이끌고   전 세계 문화를 한데 모아 화려하게 꽃피는 문화의 중심   대한민국이 품고 세계가 함께 누리는 특별한 도시, 정의롭고 풍요로운 광주입니다  전통과 혁신이 공존하는 아시아문화중심  광주의 어머니 산 무등산은 광주가 이룬 모든 것의 시작입니다   차별 없는 무등의 정신은 ‘의향 광주’의 뿌리가 되었고,   자연에서 배운 예술적 감성은  ‘예향 광주’를 아시아의 문화중심도시로 키워냈으며,   비옥한 땅과 청정 환경은 풍성한 맛의 도시 ‘미향 광주’를 만들었습니다   전통은 혁신의 옷을 입고 혁신은 전통의 맥을 이어 고유의 정체성을 만들어가는 곳, 광주입니다  연결과 소통으로 성장하는 첨단산업도시   대한민국의 오늘을 만든 광주의 힘으로 세계의 내일을 엽니다  친환경 자동차 산업, 첨단 에너지 신산업, 인공지능 융‧복합 산업은 4차 산업혁명을 선도할 광주의 핵심 동력으로  ‘AI Hub City’를 향한 미래를 만들어 갑니다  더 자유롭고 혁신적인 비즈니스를 위해 기회의 무대를 넓히고,  글로벌 인재를 키우며, 지자체가 앞장서 노사상생의 해법을 찾아가는 기업친화도시  사회대통합형 일자리 모델 ‘광주형일자리’와 같은  획기적인 정책으로 산업을 뒷받침하며  세계의 기업들이 마음껏 도전하며  성장할 수 있는 환경을 만들어갑니다   독창적인 문화, 역동적인 산업,  뿌리 깊은 휴머니티가 살아 숨 쉬는 도시,     언제나 시대를 선도해온 광주의 남다른 열정과 비전을  당신과 함께 나누고 싶습니다.   [ English version ] A Unique City of Korea, Gwangju  A metropolitan city in the southwestern part of the Korean Peninsula.   A global business crossroads located at the center of the northeast Asian trade bloc.   At the heart of Korea's politics and economy through our unique perspective and vision.  We bring together worldwide cultures to create a new and inviting atmosphere.   A unique city where the world comes together as one.  This is Gwangju, the city of Justice and Prosperity.  Gwanjgu, Asia’s cultural center where tradition and innovation coexist in harmony.  Mt. Mudeungsan, the mother mountain of Gwangju, symbolizes all Gwangju has achieved.   The nondiscriminatory spirit of Mt. Mudeungsan lies at the core of Gwangju,  the City of Justice.  Our artistic sensibility adopted from Mother Nature nurtured Gwangju into the City of Culture.   Its fertile land and clean environment created the City of Taste, blessed with acclaimed cuisine.    At Gwangju, our unique identity incorporates innovation into tradition while continuing to build upon our legacy.   A high-tech industrial city growing through connection and communication.   We propel the world of tomorrow with the power of Gwangju that built the Korea of today.   Our eco-friendly automobile, high-tech new energy, and AI-Convergence industries, as Gwangju’s key drivers to lead the Fourth Industrial Revolution, create a future that leads us to be an AI Hub City.  We expand the possibilities for freer and more innovative businesses.  By enlarging the realm of opportunities, By fostering global talents, We make efforts to find solutions for labor-management co-prosperity.  Innovative policies, like the unique Gwangju-type job model to supports local industry, and caters to both labor and management.   We also create an environment where global companies can succeed and flourish.   Gwangju is revving up with its unique culture, dynamic industry, and deep-rooted humanity.  We’d like to share with you the extraordinary passion and vision of Gwangju, which has always been a driving force.  #Gwangju #Korea #Tourism"|https://i.ytimg.com/vi/t7zCEkug170/default.jpg|"GwangjuKoreaTourism광주광역시대한민국인공지능cultureglobal"|24|ko|PT3M42S|false|1235|33|1|4
HgVGMZbpKUA|2020-01-02T08:31:56Z|UCpCtv8fw6egexjhOJpN1IZw|"대한민국이 가진 특별한 도시, 광주 大韩民国所拥有的特别城市、光州"|"한반도 서남부의 메트로폴리탄   동북아시아 무역블록의 중심에 위치한  글로벌 비즈니스 시티  특유의 시대정신과 사명감으로  한국의 정치와 경제를 앞에서 이끌고   전 세계 문화를 한데 모아  화려하게 꽃피는 문화의 중심   대한민국이 품고  세계가 함께 누리는 특별한 도시, 정의롭고 풍요로운 광주입니다  전통과 혁신이 공존하는 아시아문화중심  광주의 어머니 산 무등산은    광주가 이룬 모든 것의 시작입니다   차별 없는 무등의 정신은  ‘의향 광주’의 뿌리가 되었고,    자연에서 배운 예술적 감성은  ‘예향 광주’를 아시아의 문화중심도시로 키워냈으며,    비옥한 땅과 청정 환경은 풍성한 맛의 도시 ‘미향 광주’를 만들었습니다   전통은 혁신의 옷을 입고 혁신은 전통의 맥을 이어 고유의 정체성을 만들어가는 곳, 광주입니다  연결과 소통으로 성장하는 첨단산업도시   대한민국의 오늘을 만든 광주의 힘으로  세계의 내일을 엽니다  친환경 자동차 산업, 첨단 에너지 신산업,  인공지능 융‧복합 산업은 4차 산업혁명을 선도할 광주의 핵심 동력으로  ‘AI Hub City’를 향한 미래를 만들어 갑니다  더 자유롭고 혁신적인 비즈니스를 위해  기회의 무대를 넓히고, 글로벌 인재를 키우며, 지자체가 앞장서 노사상생의 해법을 찾아가는  기업친화도시  사회대통합형 일자리 모델 ‘광주형일자리’와 같은  획기적인 정책으로 산업을 뒷받침하며  세계의 기업들이 마음껏 도전하며  성장할 수 있는 환경을 만들어갑니다   독창적인 문화, 역동적인 산업,  뿌리 깊은 휴머니티가 살아 숨 쉬는 도시,   언제나 시대를 선도해온  광주의 남다른 열정과 비전을   당신과 함께 나누고 싶습니다.   位于韩半岛西南地区的大都市 地处东北亚贸易区中心地带的全球化商业城市  凭借特有的时代精神和使命感，引领韩国的政治变化和经济发展 将全世界文化荟萃到一起并绚丽绽放的文化中心  大韩民国所拥有的与世界共享的特别城市 正义凛然、富饶丰足的光州  《传统与创新》 传统与创新共存的亚洲文化中心 光州的母亲山无等山是光州一切成就的起点  象征无差别的“无等”精神成为了“义举之乡光州”的根基， 源自大自然的艺术情感将“艺术之乡光州”培育成为亚洲的文化中心城市， 肥沃的土地和清净的环境造就了“美食之乡光州”。  弘扬传统的同时，穿着创新的服装 引领创新的同时，继承传统的脉络 不断打造固有的社会认同感的地方，光州  《连接与沟通》 通过连接与沟通不断发展的尖端产业城市 凭借打造大韩民国之今天的光州力量共同开创世界的明天  新能源汽车产业、尖端能源产业、人工智能融合与复合产业， 是引领第四次产业革命的光州之核心动力， 光州将以此为基础打造面向未来的“人工智能中心城市”。  为了开创更自由的创新型商业， 不断扩大机遇的舞台，培养全球化人才， 地方自治政府率先探索劳资共赢之路的企业友好型城市。  通过实施社会大统合型工作岗位模式“光州型工作岗位”等划时代的政策， 为产业发展提供鼎力支持的同时，为来自世界各地的企业打造能够放手挑战和发展的经营环境。  独创性文化、充满活力的产业、基础牢固的人本主义生机勃勃的城市。  始终引领时代发展的光州，愿与大家共享激情与愿景。 #Gwangju #Korea #Tourism #광주광역시 #光州 #의향광주 #예향광주 #미향광주"|https://i.ytimg.com/vi/HgVGMZbpKUA/default.jpg|"광주광역시광주홍보영상의향광주예향광주미향광주AI광주AI"|24|ko|PT3M45S|false|301|16|0|2
fch2g_jO4j8|2019-12-31T09:39:38Z|UCpCtv8fw6egexjhOJpN1IZw|"[빛튜브] 치킨누들수프 '닭날개춤'의 성지 광주를 가다! [Gwangju, Trip to BTS J-hope hometown!]"|"치킨누들수프가 쏘아올린 작은공!  어덕행덕💜 치킨누들수프 in 광주에 보내주신 뜨거운 성원에 힘입어  광주시에서 준비한 작은선물  방탄소년단 제이홉의 고향 광주에서 전국 & 글로벌 아미와 함께하는 1박2일 광주치누숲투어!  치킨누들수프 가사에 등장하는 장소와  요즘 뜨는 광주에 핫~한 명소까지 아미와 함께 다녀왔습니다! 물론 닭날개 춤과 함께 말이죠🤗  방탄소년단을 좋아하는 분이라면! 광주로 고민보다 Go!  영상에 나온 장소  + 송정떡갈비 거리 광주 광산구 송정동  + 국제고 광주광역시 북구 설죽로 433 + 광주 지산유원지(모노레일체험) 광주 동구 지호로164번길 23  + 치킨누들수프 춤 배우기 (J아카데미) 광주광역시 동구 충장로 + 양림동투어 (이장우가옥, 한희원미술관 등) 광주광역시 남구 양림동 + 국립 5.18민주묘지 광주 북구 민주로 200 국립5.18민주묘지 + 1913 송정역시장 광주 광산구 송정로8번길 13  #BTS #제이홉 #Chickennoodlesoup #방탄소년단 #치킨누들수프 #광주투어 #아포방포 #광주광역시"|https://i.ytimg.com/vi/fch2g_jO4j8/default.jpg|"방탄소년단제이홉광주광역시광주투어BTS치킨누들수프아포방포보라해Chickennoodlesoup치누숲투어정호석제이홉투어"|24|ko|PT9M28S|false|3700|312|0|57
3iQp2baeopw|2019-12-30T09:40:14Z|UCpCtv8fw6egexjhOJpN1IZw|"광주행복1번가 북터뷰  10회 - 강영숙 여성가족정책관 편"|"아이의 긴급 보육이 필요할 때~ 아이의 입원으로 병원 돌봄이 필요할 때~ 어디로 전화해야되는지 궁금해요? 그럼 오백원~ 아.. 아니고 오늘의 북터뷰 필독!  가족, 여성, 청소년과 관련된 최고급 정보를 원, 투, 쓰리까지+_+ 시리즈별로 대방출!  강영숙 여성가족정책관의 북터뷰에서 만나보시죠! #광주광역시  #광주행복1번가  #보육  ♥여러분의 구독과 좋아요는 사랑입니다♥   #광주광역시 #광주행복1번가 #여성 #가족  #보육  #긴급아이돌봄 #입원아동 #아이돌봄 #여성정책"|https://i.ytimg.com/vi/3iQp2baeopw/default.jpg|"광주광역시광주행복1번가여성가족보육긴급아이돌봄입원아동아이돌봄여성정책일가정"|24|ko|PT7M56S|false|768|19|0|0
-WnLeWq-YAQ|2019-12-19T04:44:18Z|UCpCtv8fw6egexjhOJpN1IZw|"시민이 함께 만들어가는 광주! "바로소통"을 통해 가능합니다 ^^"|""이것만 고치면 더 좋을 것 같은데..." "이런 부분만 개선해보면 편리하지 않을까?" 이런 소소한 고민, 한 번쯤 해본 적 있으시죠~^^ 광주시는 우리 시민들의 사소한 의견에도 귀를 기울입니다.  언제 어디선든 광주 시민이라면 누구나!  광주광역시 홈페이지  " 광주행복1번가, 바로소통 광주 " 플랫폼을 통해  자신의 제안을 올려주세요.  공감과 토론 절차를 거쳐 전문가들의 의견을 더한 공정하고 투명한 논의 과정을 거친 뒤  광주를 위한 정책으로 탄생하게 됩니다.  광주의 미래는 시민과 함께 만들어 갑니다~ 주저하지 말고, 지금 바로 클릭! 클릭! 해보세요  광주시에 제안하기 gogo!   https:barosotong.gwangju.go.kr #gwangju #광주행복1번가 #바로소통  ♥ 여러분의 구독과 좋아요에 무럭무럭 성장해가는 광주시 빛튜브입니다 ♥  #광주광역시 #광주행복1번가  #gwangju #barosotong #민주주의플랫폼 #시민제안 #민원 #즉문즉답 #정책제안 #육아  #보육  #난임 #청년 #일자리 #인공지능"|https://i.ytimg.com/vi/-WnLeWq-YAQ/default.jpg|"광주광역시광주gwangju바로소통barosotong제안정책제안시민제안광주행복1번가민주주의플랫폼육아난임학교보육민원건의청원국민청원문화관광"|24|ko|PT42S|false|380|14|0|2
nTnAe23Q1Es|2019-12-17T06:59:53Z|UCpCtv8fw6egexjhOJpN1IZw|"119안심콜 서비스, 아직도 모르시는건 아니겠죠~^^"|"1인 가구, 고령화, 독거노인이 많아지고 있는 현대 사회에  꼭 필요한 서비스를 알려드릴께요!  바로 119안심콜 서비스! 장애가 있는 분, 만성 질환으로 몸이 불편하신 분, 특이 질병 환자분, 고령자 및 독거오니 등 위급한 상황 시 119도움이 필요한 분을 위한 서비스입니다.  119 신고 시, 구급대가 질병 및 특성을 미리 알고 출동하여 맞춤형으로 대응할 수 있는 시스템이죠~  이용 방법은 간단합니다! 119안전신고센터에 접속 후 자신의 질병, 장애와 같은 정보, 보호자 연락처 등을 입력하면 끝~~~ 입니다.  등록은 본인이 아니여도 가능하나,  약관 동의와 실명 인증이 꼭 꼭 필요하니 유의해 주세요!  이렇게 편리하고 안전한 119안심콜 이용 시! 보호자에게는 문자메시지(SMS)로 환자의 응급 상황 발생 사실과 이송 병원 정보가 자동으로 전송됩니다.   아직 신청하지 못한 분들은 지금 바로 신청하세요~~!  ♥ 유용한 꿀팁 확인하신 여러분, 광주시 빛튜브 구독과 좋아요 눌러주실꺼~~죠? ^^♥"|https://i.ytimg.com/vi/nTnAe23Q1Es/default.jpg|"광주광역시GWANGJU119긴급구조신속구급서비스안심알림응급상황신고소방청안심콜응급처치질병 정보1인가구장애만성질환고령자독거노인구급대119출동"|24|ko|PT1M7S|false|232|13|0|0
2E4GiJgwNQs|2019-12-16T04:36:39Z|UCpCtv8fw6egexjhOJpN1IZw|"광주시책 1분으로 끝내기 - 7회"|"2019년 광주시 마지막 1분 시책 나갑니다!  하나. 방탄소년단 제이홉의 무한 광주 사랑에  광주 시민들이 커버댄스로 화답하다~ 남녀노소의 댄스와 광주 대표 명소의 크로쓰! 클. 릭. 필. 수!   (빛튜브 최다 조회수라는 건 꼭 필요한 TMI♥)  두울. 2019년 연말에 상복 터진 광주~~우! 장관상부터 국무총리표창까지. 클라스도 후덜덜!  대한민국 혁신 1번지 도장 쾅! 찍은 광주를 만나봐요  세엣. 시민과 예술가들의 미디어아트문화 놀이터!  플랫폼 조성이 본격적으로 시작됐대요~ 이제 광주에선 미디어아트로 노올자~  내년에도 단 1분이면 속속~ 알아볼 수 있는  광주의 핫~ 한 시책들로 찾아오겠습니다.  2019년 연말 따뜻~~하게 보내세요~~♡  아차차~! ♥ 여러분의 구독과 좋아요는 오늘도, 내일도, 내년에도~~ 사랑입니다 ♥"|https://i.ytimg.com/vi/2E4GiJgwNQs/default.jpg|"광주광역시GWANGJU치킨누들수프CHICKEN NOODLE SOUPBTS제이홉목민상미디어아트플랫폼문화도시관광중심미디어아트MEDIA ART5.18민주인권도시무등산충장로금남로"|24|ko|PT3M58S|false|273|15|0|2
1tb_Ba-ciGo|2019-12-11T06:27:20Z|UCpCtv8fw6egexjhOJpN1IZw|"닭날개춤 성지 '광주'로 떠나자!"|"'치킨누들수프 in  광주'에 보내주신  뜨거운 성원에 진심으로 감사함을 전합니다.  특히 정성 가득 담긴 댓글 참여로 깊은 감동을 느끼는 바,  2019년 연말을 특별하게 보낼 선물을 준비했습니다.  가사에 등장하는 장소를 포함해,  광주의 핫~ 한 명소를 직접 탐방! 직접 치킨누들수프 속 주인공이 될 기회를 드립니다.   아래 링크 주소를 통해 신청해주시면 추첨을 통해 10명을 선정! 본인 및 동반 1인과 함께 닭날개춤 성지'광주'의 매력에 흠뻑 빠져보세요~  http:naver.me5J3lA51s  ㅇ 투어기간 : 2019. 12. 21(토) ~ 12. 22(일)  1박2일간  (제이홉의 고향 방문길에) 숙박과 식사는 당연~히 제공되며,  즐거운 시간으로 가득 채워드리기 위해  알차게 준비했습니다!  광주도 즐기고! 치킨누들수프 속 주인공도 되고! 여러분의 많은 참여 기다리겠습니다~~ #광주광역시#치킨누들수프#BTS"|https://i.ytimg.com/vi/1tb_Ba-ciGo/default.jpg|"빛튜브광주광역시치킨누들수프제이홉광주투어ChickennoodlesoupBTS충장로방탄소년단아미보라해아포방포금남로정호석제이홉광주"|24|ko|PT25S|false|1515|177|0|49
zEXXNSZTO5I|2019-12-09T01:49:34Z|UCpCtv8fw6egexjhOJpN1IZw|"광주행복1번가 북터뷰 9회 - 김대중컨벤션센터 정종태 사장"|"콘서트도 하고, 박람회도 하고, 전시회도 하고~  한번도 안 가본 사람은 있어도  한번만 가본 사람은 없다는 광주 김대중 컨벤션 센터!  이것 저것 다~~아 하는 광주 김대중센터에서 이젠 맥주까지 마신대요~ (엄훠~ 정말+_+?)  김대중 대통령 성대 모사는 -100점.. 김대중 컨벤션 센터 혁신은 +100점!   정종태 김대중컨벤션센터 사장님을 북터뷰에서 만나보세요~  ♥ 구독과 좋아요는 사랑입니다 ^^ ♥"|https://i.ytimg.com/vi/zEXXNSZTO5I/default.jpg|"광주광역시광주 문화김대중컨벤션센터광주 DJ센터김대중문화박람회콘서트전시취업박람회공직박람회프리마켓북터뷰인터뷰축제비어축제야간행사관광드론페스티벌고 김대중이희호여사광주문화관광"|24|ko|PT10M4S|false|778|30|0|2
4K7lz32Mx_E|2019-11-29T11:47:42Z|UCpCtv8fw6egexjhOJpN1IZw|"[빛튜브]치킨누들수프 in 광주(ChickenNoodleSoup In Gwangju)"|"Airplane - 광주 토박이의 비행 삼매경 Ma City - 나 전라남도 광주 baby 내 발걸음이 산으로 간대도 무등산 정상에 매일 매일 Chicken Noodle Soup - From 광주, 한 거시기의 Gang 금남, 충장 Street, 거긴 내 할렘   발표하는 노래마다  광주 사랑 뿜뿜~하는 쩨이호오오오오옵!! 호석이는...광주의 희망이야...💜  I'm your hope, you are my hope🐿💜   호석군이 전세계에 광주를 알려주니,  저희도 이정도는 모여줘야겠죠?   광주 시민들의 댄스혼을 불태운 현장! 아가들부터 어르신들까지  일단 추고 보는 제이홉의 치킨누들스프~   아포방포💜방무행알💜아무행알 방탄, 담당자가 많이 좋아해 하트💜💜💜💜💜 #Gwangju#bts#Chickennoodlesoup   #광주광역시#bts #제이홉#jhope#방탄소년단#충장로#금남로#양림동#이장우가옥#국제고#서일초교#광주소방학교#2019년도광주시신규공무원#충주시#충tv#광주공연마루#아포방포"|https://i.ytimg.com/vi/4K7lz32Mx_E/default.jpg|"광주광역시빛튜브방탄소년단chickennoodlesoupbtsjhope정호석치킨누들수프"|24|ko|PT4M38S|false|128550|28296|64|2422
qdhXPdb8vBs|2019-11-29T02:00:10Z|UCpCtv8fw6egexjhOJpN1IZw|"[빛튜브]치킨누들수프 in 광주(ChickenNoodleSoup In Gwangju)- 티저영상 3편"|"생명을 지키는 일은 기본! 죽은 춤에도 심폐소생을~   넘치는 열정과 패기를 주체 못하는 교육생들의 댄스 실력을 지금 두 눈으로 확인해 볼까요??^^  여기서 잠깐, 세 번째 영상 속 퀴즈 댄스혼을 불태우는 이들의 직업은? ( 댓글 추첨을 통해 소정의 상품을 쏩니다~) ​   마지막 티져영상까지 정주행해주셔서 감사합니다! 오늘 저녁 남녀노소 불문~  광주 시민들이 참여한 치킨누들수프의 완본이 공개됩니다.  광주의 사람, 사랑, 자랑 제이홉의 치킨누들수프 커버댄스 !  마지막 풀 영상 까지 함께 해주실 거죠~?  💜아.포.방.포💜 #ChickenNoodleSoup#광주광역시#제이홉#JHOPE#정호석#치킨누들수프#방탄소년단"|https://i.ytimg.com/vi/qdhXPdb8vBs/default.jpg|"광주광역시BANGTANBTS방탄소년단Jhope정호석제이홉ChickennoodlesoupCNSchallenge광주빛튜브빛튜브치킨누들수프DanceChallenge"|24|ko|PT14S|false|6494|1191|0|136
gQDpBYpNXOg|2019-11-28T10:31:29Z|UCpCtv8fw6egexjhOJpN1IZw|"[빛튜브]치킨누들수프 in  광주(ChickenNoodleSoup In Gwangju)- 티저영상 2편"|"자타공인 광주의 아들(^^) BTS 멤버 제이홉~ 닭날개춤... 저희도 한 번 춰봤습니다! 혼신의 닭날개짓에 우리 모두 박수를 ...   남은 1편과 내일 오후 공개될 full 버전에 많은 관심 가져주세요~!   아차차~ 두 번째 영상 속 퀴즈, 파닥~ 파닥~ 열심히 춤추고 있는 이들은 과연 누구일까요? ( 댓글 추첨을 통해 소정의 상품을 쏩니다~) #ChickenNoodleSoup#광주광역시#제이홉#JHOPE#정호석#치킨누들수프#방탄소년단"|https://i.ytimg.com/vi/gQDpBYpNXOg/default.jpg|"광주광역시방탄소년단BTS제이홉JHOPE정호석BANGTANCNSChallengeChickennoodlesoup치킨누들수프치킨누들숲Dance빛튜브광주빛튜브"|24|ko|PT20S|false|11659|1379|1|101
Aj1CXXtssrs|2019-11-28T03:47:37Z|UCpCtv8fw6egexjhOJpN1IZw|"[빛튜브] 광주 시민이 도전한 '치킨누들수프' (ChickenNoodleSoup In Gwangju) - 티저영상 1편"|"광주 사랑을 몸소 실천 중인 BTS 멤버 제이홉! 쪼오~~금 늦었지만 ^^;; 그의 고향사랑에 시민들이 직접 응답했습니다.  총 4번에 걸쳐 광주 시민들이 직접 참여한  커버영상 FULL 버전이 공개됩니다.  구독을 꾸욱~ 누르시고 많은 기대해 주시라~~^^  그 첫 번째 영상 공개! 과연 이 곳은 어디일까요? ( 댓글 추첨을 통해 소정의 상품을 쏩니다~)  #ChickenNoodleSoup#광주광역시#제이홉#JHOPE#정호석#치킨누들수프#방탄소년단"|https://i.ytimg.com/vi/Aj1CXXtssrs/default.jpg|"광주광역시방탄소년단BTSRM김남준진김석진슈가SUGA민윤기제이홉JHOPE정호석지민박지민뷔김태형정국전정국BANGTANCNSChallengeChickennoodlesoup치킨누들수프치킨누들숲양림동HoseokBeckyG베키지방탄닭칼국수닭날개춤Dance"|24|ko|PT21S|false|31282|3996|2|316
0-uFKoV1_KU|2019-11-27T04:58:13Z|UCpCtv8fw6egexjhOJpN1IZw|"찬란했던 2019, 더욱 빛날 2020 ‘광주FC 1부 리그 승격’"|"ㅤ 간절함을 기적으로!  광주FC 1부 리그 승격  K리그 2 19경기 최다 무패 신기록 광주 FC 팀 통산 100승 21승 시즌 최다승·73점 최다 승점  그리고 🏆2019 K리그 2 우승까지 거머쥐고 2020년 1부 리그로 승격한 소식을 알립니다~👏👏👏  빛나는 노력과 뜨거운 열정으로  스포츠의 새 역사를 쓰고 있는 광주FC의 활약이 1부 리그에서도 계속되기를 응원합니다⚽️  “광주FC, 파이팅!”  -  ❤️구독과 좋아요는 사랑입니다❤️ ㅤㅤ"|https://i.ytimg.com/vi/0-uFKoV1_KU/default.jpg|"광주FC1부리그승격2019K리그2우승K리그꽃길만걷자광주FC파이팅축구빛튜브광주유튜브광주광주광역시광주광역시청광주명소광주핫플광주맛집광주카페광주근교충장로금남로GWANGJU"|17|ko|PT1M1S|false|213|7|0|1
eVc4KFx7yno|2019-11-26T01:53:53Z|UCpCtv8fw6egexjhOJpN1IZw|"소확행을 누리세요, 숨은 금융 자산 찾기!"|"그 동안 잊어버리고 지내셨던 잠자는 금융재산 금융소비자 정포포털 ‘파인(FINE)’ 한눈에 찾아보세요!😉  ✔️ 내계좌 한눈에 은행, 제2금융권, 증권사에 개설되어 있는 본인의 계좌 조회·환급 가능  ✔️ 잠자는 내 돈 찾기 휴면예금, 휴면보험금, 휴면성증권, 미수령주식 등 조회가능  바로가기 👉http:fine.fss.or.kr   -  ❤️구독과 좋아요는 사랑입니다❤️"|https://i.ytimg.com/vi/eVc4KFx7yno/default.jpg|"금융감독원숨은금융자산찾기금융자산계좌내계좌한눈에돈자산파인환급금융꿀팁보험증권서민중소기업예금적금대출펀드카드소비자보호핀테크빛튜브광주유튜브광주광주광역시광주광역시청광주명소광주핫플광주맛집광주카페광주근교충장로금남로GWANGJU"|17|ko|PT31S|false|159|5|0|0
XxlIJWluqOI|2019-11-25T04:32:29Z|UCpCtv8fw6egexjhOJpN1IZw|"광주행복1번가 북터뷰 8회 -  박남언 일자리경제실장"|"이상하게 자~꾸  친해지고 싶네? 이상하게 자~~꾸 가까이 가고 싶네?  "돈 벌고 싶으면 나랑 친해지세요~" 근거 있는 이 남자의 자신감은 무엇?  11월 마지막 주 공개되는 북터뷰 현장에서는~~ 묻고 더블로 가는 [빵빵한 혜택]들이 쏟아집니다! 그 남자와의 뜨거운(?)인터뷰 현장이 궁금하다면? 퐐로 퐐로 미~^^  ♥  여러분의 구독과 좋아요는 사랑입니다  ♥"|https://i.ytimg.com/vi/XxlIJWluqOI/default.jpg|"광주광역시광주gwangju인터뷰숏터뷰북터뷰광주 일자리청년일자리일자리 경제ai인공지능스마트일자리로봇인싸광주 관광광주 문화전라도 관광전라도 청년 정책광주 청년 정책광주 청년광주 창업청년창업창업일자리경제문화일자리 광주인공지능 광주일자리경제인공지능대표도시물가경제안정정직청렴청렴 정책취업청년 취업취업 정책창업 정책물가 안정"|17|ko|PT9M3S|false|910|21|0|4
ijanaaRx91g|2019-11-22T06:45:54Z|UCpCtv8fw6egexjhOJpN1IZw|"김민경도 추천하는 '착한가격업소'"|"ㅤㅤ 여러분이 살고 계신 동네에서  “착한가격업소” 표찰이나 스티커를 본 적이 있으신가요?  착한가격업소는 2011년부터 물가안정을 위해  가격이 저렴하지만 양질의 서비스를 제공하는 곳을  정부가 지정한 우리 동네의 좋은 업소입니다.  착한가격업소 제도는 전반적 개인서비스 물가안정에 기여하고  서민이 많은 착한가격업소의 매출증대를 통해  서민경제 살리기에도 기여할 수 있습니다.  지역상인과 소비자가 윈-윈(Win-Win)할 수 있는  “착한가격업소” 안심하고 즐겁게 이용해 주세요~  홈페이지 바로가기👉  http:goodprice.go.kr   -  ❤️구독과 좋아요는 사랑입니다❤️ ㅤㅤ"|https://i.ytimg.com/vi/ijanaaRx91g/default.jpg|"착한가격업소김민경대한민국정부행안부지역경제지역상인소비자윈윈물가안정서빗동네매출증대서민경제모범빛튜브광주유튜브광주광주광역시광주광역시청광주명소광주핫플광주맛집광주카페광주근교충장로금남로GWANGJU"|17|ko|PT38S|false|205|8|0|0
Tn6Xs7cgjqQ|2019-11-21T05:30:55Z|UCpCtv8fw6egexjhOJpN1IZw|"내 삶의 작은 변화 ‘주거급여’"|"여러분의 한숨소리가 웃음소리로 바뀌도록 주거급여가 도와드리겠습니다🤗  주거안정과 주거생활 향상을 위하여  일정 소득 이하 국민에게 주거급여(맞춤형 급여)를 지원합니다!  ✔️지원대상 : 소득인정액 기준 이하의 가구가  안정된 주거생활을 할 수 있도록 실제임차료, 유지수선비 등을 지원하고, 주거급여가 불필요하거나 타 법령 등에 의하여  주거를 제공받고 있는 수급자에 대해서는 주거급여를 지급하지 않습니다. ✔️선정기준 : 소득인정액 기준을 만족하여야 합니다.  (중위소득의 44% 이하, 더 자세한 사항은 아래 링크를 참고해주세요) ✔️지원내용 : 주거급여 수급자에게 주거안정에 필요한 실제임차료와  수선유지비 등을 포함하여 주거급여를 지급합니다. 임차가구는 전월세비용을 지원하고, 자가가구는 낡은 집을 고쳐드립니다.  ✔️신청방법 : 읍면동 주민센터에 방문하여 신청합니다.  서비스 신청시, 가족의 금융정보 제공동의가 온라인신청으로도 가능합니다.  바로가기 👉 http:online.bokjiro.go.kr  ✔️문의처 : 마이홈 콜센터 1600-0777   -  ❤️구독과 좋아요는 사랑입니다❤️"|https://i.ytimg.com/vi/Tn6Xs7cgjqQ/default.jpg|"주거급여집주거맞춤형급여소득월세전세임대료집수리주민센터주거안정생활국민복지국토교통부LH한국토지주택공사빛튜브광주유튜브광주광주광역시광주광역시청광주명소광주핫플광주맛집광주카페광주근교충장로금남로GWANGJU"|17|ko|PT46S|false|286|8|0|1
zuR2s4hcaKo|2019-11-20T06:24:38Z|UCpCtv8fw6egexjhOJpN1IZw|"층간소음 예방캠페인"|"아이들 뛰는 소리, 발자국 소리 등 공동주택에 거주한다면 당연히 날 수 있는 소리들이지만 우리 이웃에게는 큰 고통이 될 수 있습니다. 누구나 가해자나 피해자가 될 수 있는 층간소음. 서로 이해하고 배려한다면 다 같이 행복해질 수 있습니다.   ■이웃4촌 함께하는 4캠페인 1 이웃끼리 반갑게 인사해요 2 슬리퍼 착용으로 소음을 줄여요 3 층간소음 매트를 활용해요 4 혼자가 아닌 다 함께 산다는 걸 기억해요    층간소음 없는 우리 아파트  이웃4랑에서 시작됩니다😊  -    ❤️구독과 좋아요는 사랑입니다❤️"|https://i.ytimg.com/vi/zuR2s4hcaKo/default.jpg|"환경부층간소음이웃이웃사랑소음아파트공동주택한국환경공단층간소음이웃사이센터배려이해사랑양보슬리퍼매트인사예방캠페인캠페인빛튜브광주유튜브광주광주광역시광주광역시청광주명소광주핫플광주맛집광주카페광주근교충장로금남로GWANGJU"|17|ko|PT31S|false|507|6|0|0
yZeoyJ9Vv34|2019-11-18T05:47:11Z|UCpCtv8fw6egexjhOJpN1IZw|"건강을 지키는 가장 확실한 한 방! ‘인플루엔자 무료예방접종’"|"겨울철 건강을 지키는 가장 확실한 방법! ㅤㅤ 10월 15일(화)부터 12세 이하 어린이 (2007년 1월 1일 ∼2019년 8월 31일 출생아), 만 75세 이상 어르신 (1944년 12월 31일 이전 출생자) 및 임신부 대상으로 유행성 감기(인플루엔자) 무료접종을 본격 실시합니다! ㅤㅤ 어린이 인플루엔자 대상자 중 9월 17일부터 예방접종을 시작한 2회 접종 대상자는 1차 접종 후 1개월 간격으로 2차 접종을 완료해야 합니다. ㅤㅤ 어르신 인플루엔자 접종의 경우, 접종대상자의 대부분이 접종 초반에 집중되어 혼잡함을 피하고 안전한 접종환경을 위하여 만75세 어르신(1944년 12월 31일 이전 출생자)은 10월 15일부터, 만 65~74세 어르신(1954년 12월 31일 이전 출생자)은 10월 22일(화)부터 구분하여 접종, 접종 기간은 11월 22일까지는 전국 보건소 및 예방접종 지정 의료기관에서 11월 23일부터는 보건소에서만 접종(보건소 보유 백신 소진 시까지)이 가능합니다. ㅤㅤ 인플루엔자 예방접종은 주소지에 관계없이  보건소 및 전국 예방접종 지정 의료기관에서 무료접종이 가능하며, 접종기관 방문 시 무료예방접종 대상여부 확인을 위한 신분증! 잊지 마세요~ ㅤㅤ * 지정 의료기관은 관할 보건소 문의 및 예방접종도우미 누리집 https:nip.cdc.go.kr 에서 확인 가능합니다~ ㅤㅤ ✔️안전하고 편한 인플루엔자 예방접종을 위해 꼭 지켜주세요 ① 무료접종이 가능한 가까운 지정 의료기관 사전 확인 ※ 보건소 문의 또는 예방접종도우미 누리집 및 스마트폰 앱에서 확인 가능 ② 지정의료기관에 붐비지 않는 시간대로 사전 예약(전화 문의) 후 방문 ㅤㅤ - ㅤㅤ ❤️구독과 좋아요는 사랑입니다❤️"|https://i.ytimg.com/vi/yZeoyJ9Vv34/default.jpg|"인플루엔자예방접종무료예방접종감기보건소병원유행성감기질병관리본부어린이어르신임산부백신겨울환절기비염국가예방접종빛튜브광주유튜브광주광주광역시광주광역시청광주명소광주핫플광주맛집광주카페광주근교충장로금남로GWANGJU"|17|ko|PT1M30S|false|454|9|1|0
KdaUcrFld-0|2019-11-15T02:32:39Z|UCpCtv8fw6egexjhOJpN1IZw|"광주시책 1분으로 끝내기 6회"|"11월의 광주, 전국 최초 타이틀이 3개!!   ⭐️하나. 국가에너지 산업을 이끄는 에너지산업 융복합단지 전국최초 지정!   ⭐️둘. 갑작스러운 아이 입원, 걱정 놉! 입원아동돌봄서비스 전국 광역지자체 최초 실시!!!  ⭐️셋. 노후가 즐거운 도시를 만드는 헬스케어로봇실증센터 전국최초 개관!!  짜란다 짜란다 광주~  1분 시책에서 만나보아효~😉  - ❤️구독과 좋아요는 사랑입니다❤️"|https://i.ytimg.com/vi/KdaUcrFld-0/default.jpg|"광주시책광주행복1번가1분시책광주꿀팁광주정보전국최초에너지산업융복합단지아동돌봄아동돌봄서비스육아광주여성가족재단아동보호사건강헬스헬스케어헬스케어로봇실증센터에너지밸리빛튜브광주유튜브광주광주광역시광주광역시청광주명소광주핫플광주맛집광주카페광주근교충장로금남로GWANGJU"|17|ko|PT3M56S|false|157|7|0|0
_dAtT_dx76I|2019-11-13T00:46:17Z|UCpCtv8fw6egexjhOJpN1IZw|"광주·전남 여행 필수 아이템 ‘남도패스’"|"남도여행 방방곡곡 혜택받고 놀아보자~😆  남도패스는 광주광역시 및 전라남도 지역의  주요 관광지, 숙박, 레저시설 등에서 현장할인 혜택을 제공하는 광주전남 통합관광 할인카드입니다.   □ 카드 디자인 및 권종 •권종별 3개의 디자인으로 구성되며,  권종은 1만원, 3만원, 5만원권으로 구입 가능 •선불형 충전카드 형식으로 최대 200만원까지 충전가능   □ 이용 및 혜택 •[전국 일반가맹점에서 사용가능] 전국 어디서나 카드결제(IC칩)가 가능한곳에서 충전잔액 범위내 사용가능 •남도패스 가맹점 혜택 (광주전남 지역) – 광주전남 남도패스 가맹점(2019. 8월 , 250여개)  현장할인 최대 50%할인 – 남도패스 홈페이지 접속 (모바일 최적화, pc 가능) – 지역별 ‘검색’ 후 가맹점 혜택 확인 및 이용 – 숙박시설 등 사전예약조건 등 상담 후 이용 – 남도패스로 결제 또는 인증 시 제공 •제휴사 (코나카드) 혜택 – 남도패스는 ‘코나카드’ 기반 제휴카드로, 코나카드에서 제공하는 별도 혜택도 제공받을 수 있음. 단, 전국 가맹점 0.2% 캐시백 제외 * 2019.8월 현재 : 스타벅스 30%, GS25 10% 등 – 제공조건할인방법할인대상이 수시 변경 될 수 있으며 세부내용은 코나카드 홈페이지를 참조 – 코나카드 홈페이지 : http:konacard.co.kr – 코나카드 고객센터 T. 1899-4118  □ 구입방법 •온라인(모바일, PC) 에서 직접 구입 – 남도패스 홈페이지를 통해 온라인에서 직접 구입 •현장구매 (코레일 여행센터 등 현장에서 구매) – 주중 09:00~18:00까지 판매, 토일공휴일 휴무 용산역(서울) 코레일여행센터 02-3780-5555 광주송정역 코레일여행센터 062-942-3376 목포역 코레일여행센터 061-242-7728 순천역 코레일여행센터 061-745-7785 여수역 코레일여행센터 061-749-2640 광주광역시청 1층 복지매점 062-613-5649 전라남도청 1층 복지매점 061-286-4989  남도패스 홈페이지 바로가기→ http:namdopass.co.kr   -  ❤️구독과 좋아요는 사랑입니다❤️"|https://i.ytimg.com/vi/_dAtT_dx76I/default.jpg|"남도패스광주전남관광숙박음식렌터카레저체험할인스타벅스프렌차이즈철도할인여행상품빛튜브광주유튜브광주광역시광주광역시청광주명소광주핫플광주맛집광주카페광주근교충장로금남로GWANGJU"|17|ko|PT31S|false|207|8|0|0
9pNbk_V3T04|2019-11-11T02:14:37Z|UCpCtv8fw6egexjhOJpN1IZw|"광주행복1번가 세대공감택시 4회 '자치행정국'"|"보통 아니네~를 연발시키는 패기 막내! 잊을만하면 한 번씩 쇼크 안겨주는 최강동안(?) 국장!  시작은 동상이몽 결말은 형님♡동생?! 택시에 탑승한 자치행정국 탑승객은  과연 세대공감에 성공했을까요?    궁금하신 브라더들~ 드루와 드루와~  - ❤️구독과 좋아요는 사랑입니다❤️"|https://i.ytimg.com/vi/9pNbk_V3T04/default.jpg|"세대공감택시광주행복1번가인터뷰자치행정국세대공감택시사회생활공직생활공직자공무원대한민국빛튜브광주유튜브광주광주광역시광주광역시청광주핫플광주맛집광주카페광주근교충장로금남로GWANGJU"|17|ko|PT8M39S|false|455|8|0|1
J1OKRsyIooI|2019-11-05T01:50:32Z|UCpCtv8fw6egexjhOJpN1IZw|"이연복 셰프가 알려주는 음식물쓰레기 줄이는 방법"|"에너지 낭비 온실가스 배출 수거·처리시 악취 발생 고농도, 폐수로 수질오염 음식물쓰레기를 버리면 발생하는 환경오염 문제입니다.   음식물쓰레기를 줄이면 환경도 살리고 자원낭비도 막을 수 있습니다.   재료 준비도 요리 할때도 양을 조절하는 것이 돈도 아끼고 음식물쓰레기를 줄이는 가장 좋은 방법.   딱 먹을 만큼만 하는 것이 음식물쓰레기를 줄이는 가장 좋은 방법입니다!   - ❤️구독과 좋아요는 사랑입니다❤️"|https://i.ytimg.com/vi/J1OKRsyIooI/default.jpg|"환경부이연복음식물쓰레기음쓰온실가스환경오염쓰레기문제환경문제요리이연복셰프먹방환경캠페인빛튜브광주유튜브광주광주광역시광주광역시청광주명소광주핫플광주맛집광주카페광주근교광주가볼만한곳충장로금남로GWANGJU"|17|ko|PT41S|false|468|8|0|0
fHVBCRboIhY|2019-10-30T09:04:14Z|UCpCtv8fw6egexjhOJpN1IZw|"광주 아이돌봄 서비스"|"피치 못할 사정이 생겼는데 아이를 맡길 데가 없으신가요?  이젠 광주시에 믿고 맡겨주세요(•̀ᴗ•́)و  아이돌봄 지원사업은 가정의 아이돌봄을 지원하여 아이의 복지증진과 보호자의 일·가정 양립을 통한  가족구성원의 삶의 질 향상과 양육친화적인 사회 환경을 조성을 목적으로, 만 12세 이하 아동을 둔 맞벌이 가정 등에 아이돌보미가 직접 방문하여 아동을 안전하게 돌봐주는 우리 가족행복돌보미, 아이돌봄 서비스입니다.   ⭐️광주 긴급아이돌봄센터 운영방안 - 이용대상 : 6개월 ~ 취학 전 영유아 (단, 24시 이후 이용자는 13개월 이상) - 이용시간 : 주간(월~금) ‪09:00~18:00‬  야간(월~금) ‪18:00‬~다음날 ‪09:00‬ ※토·일 공휴일 제외 - 이용비용 ‪09:00~18:00 1‬천원시간, ‪18:00‬~익일‪09:00 3‬천원시간 - 이용방법 : 사전 전화 또는 인터넷접수   아이돌봄 서비스 신청 및 자세한 사항은 홈페이지를 참고해주세요! → http:www.gjicare.or.kr   - ❤️구독과 좋아요는 사랑입니다❤️"|https://i.ytimg.com/vi/fHVBCRboIhY/default.jpg|"아이돌봄서비스아이돌봄광주긴급아이돌봄센터광주광주광역시일가정양립본부광주여성가족재단결혼출산육아보육맞벌이워킹맘워킹대디정부아이돌보미엄마아빠부모님가족빛튜브광주유튜브광주광역시청광주명소광주핫플광주맛집광주카페광주근교광주가볼만한곳충장로금남로GWANGJU"|17|ko|PT31S|false|523|9|0|0
vf0vH_DV_6k|2019-10-24T07:59:58Z|UCpCtv8fw6egexjhOJpN1IZw|"안전불감증 개선, 우리 함께해요!"|""나 하나쯤은 괜찮겠지", "잠깐인데 어때~" 라는 생각으로 사고의 위험에 나 자신을 노출시키고 계시진 않나요?   내 가족, 친구, 이웃의 안전까지 위협할 수 있는 안전사고! 30초 투자로 우리의 안전을 지켜보자구요!   우리 모두 안전불감증에 대처합시다!   [공익광고협의회] 안전불감증 개선 - 어느 안전 (행정안전부 공동 안전불감증 개선 공익광고입니다)   - ❤️구독과 좋아요는 사랑입니다❤️"|https://i.ytimg.com/vi/vf0vH_DV_6k/default.jpg|"안전안전불감증어느안전안전의식사고사고예방산업현장산업재해일상생활안전불감증방지법행정안전부공익광고협의회안전벨트주차보안불감증안보불감증대한민국안전광주광주광역시광주광역시청"|17|ko|PT31S|false|348|8|0|0
RuRD8aMdNWQ|2019-10-21T04:53:26Z|UCpCtv8fw6egexjhOJpN1IZw|"광주도시철도 2호선, 드디어 본격적 공사가 시작됩니다!!"|"○ 광주도시철도 2호선 1단계 구간 건설 공사가 오는 21일부터 본격적으로 시작된다.   ○ 광주광역시는 4공구 구간(백운광장~광주천 인근)에 해당하는 남구 미래아동병원 부근을 시작으로 10월 중 1단계 전 구간의 착공을 본격화한다는 방침이다.   ○ 지난달 5일 기공식을 개최하고 본격적인 착공절차에 돌입한 광주시는 그동안 공구별 시공사와 정식 공사계약 체결, 착공계 제출, 안전성 검토 등 각종 행정절차를 추진해왔다.   ○ 또한, 지하매설물이 없고, 공사 추진에 따른 교통혼잡 등 시민 불편을 최소화할 수 있는 공구별 우선 시공구간 선정을 위한 검토도 병행해왔다.   ○ 광주시가 선정한 우선 시공구간은 ▲동구 산수오거리 주변 ▲동구 지산사거리 주변 ▲서구 월드컵경기장 입구 ▲서구 월드컵경기장 사거리 주변 ▲서구 유덕 교차로 주변 ▲남구 미래아동병원 주변 등 6곳이다.  ○ 우선 시공구간에 해당하는 지역은 굴착공사 실시에 따른 차로 부분 통제 등 공사로 인한 교통 불편 등이 예상된다.      광주시는 굴착 작업 시 차로 점유 최소화, 출·퇴근 시간대 작업 지양, 교차로 등 정체 예상구간 야간작업 시행, 신호체계 조정, 현장 상황대책반 운영 등 현장여건 및 공사 특성을 고려한 교통관리를 통해 시민 불편 최소화에 최선을 다할 계획이다.   ○ 아울러 공구별 공사 안내문 설치, 우회로 및 노선변경 안내 등 대 시민 홍보도 적극적으로 추진하는 등 안전하고 신속한 공사 추진을 위해 온 힘을 쏟을 방침이다.   ○ 시 도시철도건설본부 관계자는 “17년의 기다림 끝에 공사가 시작된다”며 “도시철도 2호선 건설 공사가 시민 교통편의와 복지 증진, 도심 균형 발전을 위해 시행하는 사업임을 고려해 공사 기간 중 불편이 있더라도 시민 여러분의 넓은 이해와 협조를 부탁드린다”고 말했다."|https://i.ytimg.com/vi/RuRD8aMdNWQ/default.jpg|"광주도시철도2호선광주도시철도지하철광주지하철광주광역시청상무역금호지구월드컵경기장백운광장남광주역조선대광주역광주광역시광주명소광주핫플광주맛집광주카페광주근교광주가볼만한곳GWANGJU"|17|ko|PT21S|false|579|15|1|0
JOVv0HFSQzQ|2019-10-18T01:15:27Z|UCpCtv8fw6egexjhOJpN1IZw|"제1회 대한민국 AI클러스터 포럼"|"제1회 대한민국 AI클러스터 포럼 일시 : 2019.10.23.(수) 15:00~17:30 장소 : 김대중컨벤션센터 4F 컨벤션홀  ♡구독과 좋아요는 사랑입니다♡"|https://i.ytimg.com/vi/JOVv0HFSQzQ/default.jpg|"#AI #인공지능 #AI클러스터포럼 #김대중컨벤션센터 #광주 #광주광역시"|17|ko|PT31S|false|167|7|0|0
MMtRU24kYac|2019-10-17T01:38:33Z|UCpCtv8fw6egexjhOJpN1IZw|"군공항 이전, 더 나은 세상을 만들어 가겠습니다"|""|https://i.ytimg.com/vi/MMtRU24kYac/default.jpg|"#광주 #전남 #상생발전 #군공항이전 #광주군공항"|17|ko|PT31S|false|300|7|0|1
N89pnIVI_bM|2019-10-16T02:13:51Z|UCpCtv8fw6egexjhOJpN1IZw|"2019광주광역시 도시홍보영상"|"들꽃 한 송이가 누구 혼자만의 것이 아니듯 광주는 광주 시민만의 도시가 아닙니다. 하늘의 별이 어느 한 나라만의 것이 아니듯 광주는 대한민국만의 도시가 아닙니다.  전 세계와 함께 그 가치를 공유해야 할  정의롭고 풍요로운 내일을 열어가는 도시   여기는 빛의 고을 광주입니다.  인간 존엄과 정의가 먼저였기에 민주주의를 외쳤던 광주 광주정신은 이미 아시아 민주주의의 상징이 되었고 광주는 이제 세계 민주·인권·평화의 중심도시로 자리매김 하고 있습니다.   변화와 혁신으로 성장해 온 광주는  일자리 중심의 포용적 혁신 성장으로  새로운 산업의 비전을 실현해 갑니다.   친환경 자동차산업과 에어가전 및 공기산업,  광융합산업은 물론 에너지 및 문화콘텐츠산업 등  11대 대표산업을 집중적으로 육성,  4차 산업혁명 시대를 주도하기 위한 기술, 인력, 인프라를 구축하고 있으며   국내 최초로 노사상생도시를 선언하고  노사정의 양보와 타협으로 만들어 낸  사회통합형 일자리인 ‘광주형 일자리’를 출범시켜  지역을 넘어 대한민국의 새로운 경제성장 모델이 되고 있습니다.     2019년 여름, 광주FINA세계수영선수권대회의 성공적인 개최를 통해  지구촌 곳곳에 평화의 빛을 전달하고   세계를 향한 아시아 문화의 허브, 국립아시아문화전당, 세계 5대 비엔날레인 광주비엔날레, 유네스코 미디어 아트 창의도시 선정 등  예향 광주가 가진 풍부한 문화적, 예술적 자산들은  문화의 빛이 되어 전 세계와 교감하고 있습니다.    의로움으로 빛나고, 경제의 활기로 눈부신 도시! 찬란한 평화의 물결 넘치고, 반짝이는 문화가 가득한 도시!  광주는 세상 모든 이들의 가슴 속에   정의와 풍요의 빛이 되겠습니다.   지역을 넘어 대한민국의 미래로! 대한민국을 품고 세계의 중심으로! 빛나라 광주!"|https://i.ytimg.com/vi/N89pnIVI_bM/default.jpg|NULL|17|ko|PT3M12S|false|6501|77|6|16
VVwDIp-1egU|2019-06-24T08:24:27Z|UCpCtv8fw6egexjhOJpN1IZw|"내방로 사람들 1회 -  시민소통기획관실"|"광주시민들을 대신해 밤낮으로 열정을 다하는 사람들이 있다! 소통과 혁신으로 대변되는 첫 번째 부서,  바로바로~~ 광주 시청의 젊은 피! 시민소통기획관실~ 열정 퐈이아~~ 그들의 열혈 일과가 궁금하다면.... 당장 클릭! 구독 좋아요는 필수 필수~"|https://i.ytimg.com/vi/VVwDIp-1egU/default.jpg|"#광주광역시#광주시청#시민소통기획관실#소통은#나의 힘#바로소통#클릭 한 번으로 시민과 소통"|17|ko|PT3M10S|false|1280|25|0|2
QdB8L350QzA|2019-08-30T07:57:25Z|UCpCtv8fw6egexjhOJpN1IZw|"내방로사람들 2회 - 세정담당관실"|"광주시청 사람들,  유튜브 구독자들에게만 공유하는 그들의 꿀팁 대방출!  시민들의 귀를 쫑긋 세워줄 단어, 바로 세! 금!  광주를 움직이는데 반드시 필요한만큼,  시민들의 궁금증도 많은 분야죠~!  그에 관한 모든 문제를 해결하는  광주시 대표 세무해결사들이 뭉쳤습니다.   카메라가 체질(??)인  광주 대표 세무어벤져스들이 알려주는 힘이 되는 세금 꿀팁 이야기에  지금부터 집중 또 집중!"|https://i.ytimg.com/vi/QdB8L350QzA/default.jpg|"#광주광역시#광주 세금#세금#절세#세금폭탄#청년일자리#광주 청년#신혼부부#재혼부부#세무사#동네세무사#세무전문가#광주 절세#이용섭#광주"|17|ko|PT2M41S|false|1023|25|1|3
dX_NiEIL2Aw|2019-10-13T05:49:56Z|UCpCtv8fw6egexjhOJpN1IZw|"광주시책 1분으로 끝내기 5회"|"지금 이 시각 광주는?  하나.  광주형일자리의 첫 번째 모델, 합작법인 광주 글로벌 모터스의 모든 것을 파헤친다!  둘. 인공지능 중심도시, 광주를 위해 그들이 뭉쳤다! 그 정체는?  셋. VR, AR?! 광주에 이 모든 것을 한 번에 설명해 줄 무언가가 등장한다!  앞서가는 광주 시민이 되기 위한 첫 걸음, 1분 시책이면 충분합니다! ^^  매주 유익한 정보를 듣고 싶다면 주저말고, 좋아요와 구독을 꾸욱~~~~~~~!"|https://i.ytimg.com/vi/dX_NiEIL2Aw/default.jpg|"#광주광역시#광주#광주시책#시정소식#광주NEWS#GWANGJU#MEDIA#예향광주#의향광주#미향광주#광주문화#광주행사#광주소식#광주알림"|17|ko|PT3M24S|false|267|8|0|0
1vd2Chv8uiI|2019-10-07T08:31:58Z|UCpCtv8fw6egexjhOJpN1IZw|"광주행복1번가 북터뷰 6회 - 노경수 광주도시공사 사장"|"30여 년간 교수로 재직하면서  '도시계획분야의 1인자'라는 타이틀을 가졌던 그! 이제는 시민 복리증진과 직결된  광주 최대 공기업의 수장이 되다!  하지만.. 북터뷰 카리스마에 속절없이 ㅎㄷㄷ 광주도시공사 노경수 사장과 함께  광주 개발 청사진을 들여다봅니다. ( 그래서.. 우리 동네 땅값은 언제 오르는데에~? ㅋㅋㅋ)  그의 솔직한 인터뷰를 확인하고 싶다면,  지금 당장 화면을 꾸욱~~~!"|https://i.ytimg.com/vi/1vd2Chv8uiI/default.jpg|"#광주광역시#광주#광주도시#도시공사#노경수#광주도시공사#gwangju#광주복지#복지증진#복지최고#광주관광#광주축제#솔직한인터뷰#인터뷰#김산옥#국악인김산옥#광주국악#국악사랑#예향광주#미향광주#부동산#광주땅값#광주부동산"|17|ko|PT8M36S|false|937|27|2|2
6CD8r-b6cZA|2019-10-01T05:41:14Z|UCpCtv8fw6egexjhOJpN1IZw|"매일매일 국악 공연이 펼쳐지는 곳이 있다?!"|"광주공연마루에서 펼쳐지는 '광주국악 상설공연'은 시립예술단과 광주지역 국악단체가 함께 주 5일(화~토) 광주시민들은 물론 관광객과 국악인들이 함께 어울려 즐기는 국악한마당 잔치입니다.  전통국악에서 창자국악까지 퓨전국악에서 사물놀이, 우리 춤까지 흥겨운 마당이 펼쳐지는 광주공연마루로 놀러오세요~🤗  공연 예매 및 관련 문의사항은 광주문화예술회관 홈페이지에서 확인할 수 있습니다! 👉 http:gjart.gwangju.go.kr  - ❤️구독과 좋아요는 사랑입니다❤️"|https://i.ytimg.com/vi/6CD8r-b6cZA/default.jpg|"#광주광역시#광주#예향#예향 광주#광주문화#광주행사#광주축제#문화예술#공연#전남축제#전남행사#전라도공연#주말공연#상설공연#퓨전국악#국악#판소리#춤#악극#gwangju#국악상설공연광주공연광주맛집광주카페광주핫플광주명소광주가볼만한곳"|17|ko|PT41S|false|146|6|0|0
VqPxDrmfvhQ|2019-09-30T08:50:00Z|UCpCtv8fw6egexjhOJpN1IZw|"사회진출의 희망 디딤돌 ‘광주청년 일경험드림’"|"우리 지역 취준생들은 여기에 주목!!!  하나. 미취업 청년들에게 일 경험의 기회를 제공  둘. 근로소득을 지원  청년 일자리 문제 다양한 해결 방안을 제시하고,  나아가 우리 지역 경제 활성화까지 이뤄줄 사업은 무엇??!! 바로 사회진출의 희망 디딤돌  ‘광주청년 일경험드림’ 사업 입니다.   자세한 내용이 궁금하시면 화면 속 플레이 버튼을 꾸욱~ 눌러주세요!  구독과 좋아요는 사랑입니다 ♥"|https://i.ytimg.com/vi/VqPxDrmfvhQ/default.jpg|"#광주청년일경험드림#일#청년일자리#청년일경험#일경험#광주광역시#광주 일자리#광주#행정#광주행정#공모전#국민온라인#경험드림#청년#일자리#광주 청년#광주일자리#광주형일자리#청년 취업#취업 희망#청년일꾼"|17|ko|PT1M56S|false|364|5|0|0
vQJAXE87qxI|2019-09-26T05:36:10Z|UCpCtv8fw6egexjhOJpN1IZw|"나들이 나가기 좋은 가을!  그러나 조심해야 할 것이 있다?!"|"나들이 나가기 좋은 가을철, 이 맘때가 되면 기승을 부리는 불청객이 하나 있습니다.  그 주인공은, 풀숲이 있는 곳에선 항상 조심해야하는 바로 진드기!  쯔쯔가무시증, 중증열성혈소판감소증후군 등 진드기 매개 감염병이 발생하기 쉬워,  예방에 주의를 기울여야 하는데요! 어떻게 예방해야 하는 지 확인해 볼까요?"|https://i.ytimg.com/vi/vQJAXE87qxI/default.jpg|"#광주광역시#광주#gwangju#빛고을#빛튜브#광주가을#가을여행#가을#여행#행사#축제#가을축제#가을행사#가을여행주간#대한민국구석구석#전라도여행#안전여행"|17|ko|PT56S|false|157|4|0|0
blSoaYBLicI|2019-09-26T00:24:11Z|UCpCtv8fw6egexjhOJpN1IZw|"지진이 일어나면 어떻게 해야 해요?!"|"우리나라도 이젠 지진으로부터 안전지대라고 할 수는 없죠? 혹시 모를 지진 발생 시를 대비해  지진 대피 요령을 미리미리 확인하십시오! 꼭이요~^^  안전한 광주 만들기,   시민들의 도움 없이는 어려운 일이니까요. 우리 가족을 위해 내가 먼저 알아두고, 실천해보아요~!"|https://i.ytimg.com/vi/blSoaYBLicI/default.jpg|"#광주광역시#행안부#광주#안전#대비#재해#지진발생#안전지대#행정안전부#국가재난#재난안전#안전지킴이#안전수칙#행동강령#gwangju#human#security"|17|ko|PT41S|false|172|6|0|1
AiOo3igyc6A|2019-09-20T01:40:31Z|UCpCtv8fw6egexjhOJpN1IZw|"광주시책 1분으로 끝내기 4회"|"노량진 강사들도 홀딱~ 반할 쪽집게 명강사가 떴다!  2019년 지금의 광주의 가장 핫~ 한 시정 소식만을 모아모아~ 유튜브 갬~성을 살려 진행합니다.   이번 주 핫~ 시책은 하나. 급하게 아이 맡길 곳이 필요하다고요?             광주시에서 해결해 드립니다!  둘. 주말에 갈 곳이 없으시다고요?        광주시에서 해결해 드립니다!  셋. 대중교통, 편하지만 너무 오래걸린다고요?        광주시가 해결해 드립니다!  무슨 말인지 궁금하시다면 지금 당장 재생 버튼을 꾸욱~~~~~!"|https://i.ytimg.com/vi/AiOo3igyc6A/default.jpg|"#광주광역시# 광주#광주정책#아이돌봄서비스#긴급아이돌봄#대중교통#주말 여행#광주문화#광주축제#축제#행사#디자인비엔날레#gwangju#design#biennale#비엔날레#버스#지하철#지하철2호선#관광#문화행사#문화#소통"|17|ko|PT3M18S|false|260|5|1|0
9r-BUkcsvD0|2019-09-18T05:28:15Z|UCpCtv8fw6egexjhOJpN1IZw|"광주 긴급아이돌봄센터가 문을 열었습니다!"|"갑자기 야근을 해야 하거나  경조사, 응급진료 등 피치 못할 사정으로  아이를 돌볼 사람이 없어 발을 동동 구르신 분들은 여기를 주목! 부모들이 걱정 없이  아이를 맡길 수 있는 24시간 돌봄센터가 문을 열었습니다.   이용요금은 주간(오전9시~오후6시)은 시간당 1000원,  야간(오후6시~오전9시) 시간당 3000원으로  필요한 시간만큼 이용하고 카드로 결재하면 됩니다.   기타 자세한 사항은 광주시 홈페이지를 참고해주세용~!​"|https://i.ytimg.com/vi/9r-BUkcsvD0/default.jpg|"#광주광역시#광주#육아#정책#보육#워킹맘#워킹대디#초보맘#초보대디#독박육아#육아전쟁#어린이집#유치원#보육교사#아이키우기좋은세상"|17|ko|PT37S|false|203|6|0|1
gsjepqqsPCk|2019-09-06T01:37:56Z|UCpCtv8fw6egexjhOJpN1IZw|"광주행복1번가 북터뷰 5회 - 황기석 광주소방안전본부장"|"탁월한 몸개그에 적당한 순수미까지~ 하지만 현장감은...(?) 할말은 딱딱! 제대로 하는 진정한 내유외강 스퇄~  황기석 광주소방안전본부장을 북터뷰에서 만나봅니다.  #북터뷰 #소방안전본부장 #소방안전"|https://i.ytimg.com/vi/gsjepqqsPCk/default.jpg|"#광주광역시#광주#북터뷰#숏터뷰#광주인터뷰#인터뷰#광주 방송#인터넷#인터넷방송#소방#안전#소방안전#119#소방관#모세의 기적#기적#모세#안전제일"|17|ko|PT8M36S|false|1303|17|0|5
1M-HLsiisBI|2019-09-05T01:10:10Z|UCpCtv8fw6egexjhOJpN1IZw|"미래를 꿈꾸는 기업의 진정한 동반자, 광주"|"기업하기 좋은 도시가 어떤 곳일까요? 그 질문에 해답! 바로 알려드리겠습니다.   4차산업혁명 선도도시 기반 조성, 국내 최초 노사 상생 도시,  모두 광주를 수식하는 단어입니다.  미래를 꿈꾸는 기업의 든든한 동반자, 광주! 광주가 기업의 미래를 만들어 갑니다."|https://i.ytimg.com/vi/1M-HLsiisBI/default.jpg|"#광주광역시#광주#광주기업#기업하기 좋은 광주#투자유치#광주형일자리#일자리창출#광주청년#청년일자리#창업#기업#창업광주#광주창업#광주 기업#투자#유치"|17|ko|PT31S|false|461|19|0|3
qjuTd7NnKMo|2019-09-02T01:33:52Z|UCpCtv8fw6egexjhOJpN1IZw|"광주는 맛있다"|"식도락 여행에서 빠질 수 없는 광주! 눈이 먼저 호강하고,  입 안에서 감동치는 남도 음식의 진수를 만날 수 있는 곳입니다.   광주를 방문하기 전 살짝~ 맛보는 오감만족 광주 대표 음식 침샘 개방할 준비하시고, 지금부터 감상해보실까요?"|https://i.ytimg.com/vi/qjuTd7NnKMo/default.jpg|"#광주광역시#광주여행#광주관광#광주의 맛#광주#광주에서 뭐먹지#광주대표음식#광주맛집#주먹밥#상추튁심#무등산보리밥#오리탕#육전#광주한정식#계절음식#남도요리#남도음식#송정떡갈비#광주송정역"|17|ko|PT32S|false|485|14|1|2
OWwIh31uUqM|2019-08-30T01:49:04Z|UCpCtv8fw6egexjhOJpN1IZw|"야생동물의 든든한 보금자리,  광주야생동물구조관리센터!"|"길에서 야생동물을 발견하셨다고요?!!  그렇다면 지금 바로,  광주야생동물구조관리센터를 찾아주세요!^^  야생동물 부상 또는 조난 원인 및 예방을 비롯한  야생동물구조의 모~~~~~든 것을 확인할 수 있습니다. 거기에~! 지금 바로 영상을 클릭~ 클릭~ 하시면  자나깨나 동물 걱정인 연구원들의 일상도 함께 확인할 수 있어요^^"|https://i.ytimg.com/vi/OWwIh31uUqM/default.jpg|"#광주광역시#광주#동물#야생동물구조#동물사랑#동물보호#환경사랑#환경보호#야생동물구조치료#동물 구조#동물치료#야생동물 재활"|17|ko|PT31S|false|192|7|0|2
OWwIh31uUqM|2019-08-30T01:49:04Z|UCpCtv8fw6egexjhOJpN1IZw|"야생동물의 든든한 보금자리,  광주야생동물구조관리센터!"|"길에서 야생동물을 발견하셨다고요?!!  그렇다면 지금 바로,  광주야생동물구조관리센터를 찾아주세요!^^  야생동물 부상 또는 조난 원인 및 예방을 비롯한  야생동물구조의 모~~~~~든 것을 확인할 수 있습니다. 거기에~! 지금 바로 영상을 클릭~ 클릭~ 하시면  자나깨나 동물 걱정인 연구원들의 일상도 함께 확인할 수 있어요^^"|https://i.ytimg.com/vi/OWwIh31uUqM/default.jpg|"#광주광역시#광주#동물#야생동물구조#동물사랑#동물보호#환경사랑#환경보호#야생동물구조치료#동물 구조#동물치료#야생동물 재활"|17|ko|PT31S|false|192|7|0|2
UyblpxCrL78|2019-08-28T00:41:29Z|UCpCtv8fw6egexjhOJpN1IZw|"음식물쓰레기 분리배출, 이렇게 하면 쉬워요!"|"우리집 골칫덩이 음식물쓰레기! 이렇게 버린다면 여러분도 분리배출의 달인이 될 수 있다  음식물 쓰레기를 쉽게~ 쉽게~ 분리배출 하는 요령은 물론,  이것도 음식물 쓰레기인가? 하며 알쏭달쏭~ 헷갈렸던 부분! 광주시가 상세히 설명해드립니다!"|https://i.ytimg.com/vi/UyblpxCrL78/default.jpg|"#음식물쓰레기#쓰레기#재활용#동물#동물사료#광주광역시#음식물#분리배출#동물 사료"|17|ko|PT55S|false|1645|10|1|0
x5fKSTcz_HU|2019-08-27T07:56:41Z|UCpCtv8fw6egexjhOJpN1IZw|"주말마다 오감만족! 국악으로 더욱 즐거운 예향 광주"|"광주에 오면,  국악의 모든 것을 한자리에서 만날 수 있는 기회가 있다?!  소문의 주인공은 바로바로~~~  예향 광주에서 만나는 광주국악상설공연! 남도에 왔으믄 진~~하고 구수~~헌 소리 한 자락 듣고 가는 것은 당연한 일이제! ^^  더이상 망설이지 말고, 지금 당장 국악의 세계로 gogo~!"|https://i.ytimg.com/vi/x5fKSTcz_HU/default.jpg|"#광주국악상설공연#광주공연마루#광주광역시#광주문화예술회관#광주시립국악관현악단#광주시립창극단#굿패마루#얼쑤#도드리#한국판소리보존회#나빌레라예술단#내벗소리민족예술단#그루#김미숙뿌리한국무용단#피리정악대취타보존회#아시아민족음악교류협회광주호남지부#광주국악브랜드공연#전통국악#퓨전국악"|17|ko|PT41S|false|167|13|0|1
OWOo1gf-lck|2019-08-27T04:03:34Z|UCpCtv8fw6egexjhOJpN1IZw|"제 74주년 광복절 경축식,  광주 시민들은 독립운동가를 기억하겠습니다."|"「제74주년 광복절 경축식」 기념으로 광주 지역 독립운동가에 대한 역사적 가치를 되새기며,  우리나라 독립운동가 및 유족에 대한 존경과 감사하는 마음을 잊지 않기를 강조하고 있습니다.  지금의 대한민국을 만들어주신 독립 운동가 여러분, 감사합니다."|https://i.ytimg.com/vi/OWOo1gf-lck/default.jpg|"#광주광역시#광주#8.15#8.15광복절#8.15경축식#광복절#항일운동#항일독립운동#광주학생독립운동#호남의병운동#광주정신#애국#애국심"|17|ko|PT3M25S|false|207|10|0|0
3X2bl8qHgEU|2019-08-26T00:11:38Z|UCpCtv8fw6egexjhOJpN1IZw|"광주시책 1분으로 끝내기 3회"|"광주시책 어디까지 알고 있니?  1. 광주형 일자리의 첫 사업인 자동차 공장의 정체는 과연?? 2. 국가하천으로 승격된 광주천! 어떤 부분이 달라지나??  클릭 한 번으로 광주 시책! 빠르게~ 쉽게~ 간편하게~ 확인하세요"|https://i.ytimg.com/vi/3X2bl8qHgEU/default.jpg|"#광주광역시#광주#정책#시책#광주청년#청년일자리#광주형일자리#국가하천#광주천#생태공원#도심공원#광주공원#공원#환경#일자리"|17|ko|PT2M23S|false|200|16|0|3
i9811k7hvu8|2019-08-16T04:46:26Z|UCpCtv8fw6egexjhOJpN1IZw|"광주행복1번가 북터뷰 4회 - 문범수 도시재생국장"|""광주에 좋은 땅 좀 있습니까...?"  문범수 도시재생국장에게 듣는 대 to the 박 정보! (내 집 마련 꿀팁까지 알려주는건 안비밀😉)  광주 재생의 모든 것!  북터뷰에서 속 시원하게 알려드립니다~ ㅤㅤ"|https://i.ytimg.com/vi/i9811k7hvu8/default.jpg|NULL|17|NULL|PT8M30S|false|1109|24|1|1
fkV1vrW74zA|2019-08-14T00:19:43Z|UCpCtv8fw6egexjhOJpN1IZw|"청년 부채, 이제 광주시가 도와준다- 청년드림은행"|"청년드림은행?! 저축하는 곳이냐고??  청년들의 짐을 덜어주는 곳입니다  광주시에 거주하는 신용유의자 중 채무가 있는 청년 (만 19세 ~ 39세)을 대상으로 상담을 통하여 정상적인 경제 생활을 지원하는 사업인데요.  힘들다 좌절말고 청년들이여, 문을 두드리세요!"|https://i.ytimg.com/vi/fkV1vrW74zA/default.jpg|"#광주광역시#청년#일자리#청년일자리#광주 청년#신용#채무#빚#광주 부채#청년실업#청년 고용"|17|ko|PT31S|false|126|11|0|2
a3FybYpWb40|2019-08-09T07:40:47Z|UCpCtv8fw6egexjhOJpN1IZw|"광주행복1번가 세대공감택시 3회 '민주인권평화국'"|"1980년 광주를 직접 겪은 민주인권평화국장님!  막내 직원앞에서 최초 공개하는 그의 사연은?  산전수전 다겪은 민주인권평화국의 최고참 선배와 초보 아빠가 된 막내 직원이 함께하는 세대공감 택시!  궁금증 가득 안고, 지금 출발합니다. 슝슝 =3"|https://i.ytimg.com/vi/a3FybYpWb40/default.jpg|"#광주광역시#광주#광주 문화#광주 관광#광주 축제#광주 공연#5.18민주화운동#인권도시 광주#문화#예술#인권#여성인권#인권중심#민주화운동#역사#광주 역사"|17|ko|PT8M10S|false|577|19|1|0
91mjAInNR7w|2019-02-18T09:20:12Z|UCpCtv8fw6egexjhOJpN1IZw|"광주광역시 도시 소개 홍보영상"|"전통과 활력, 고요와 열정이 조화롭게 만들어내는 기대에 찬 설레임으로 광주는 새로운 변화를 향해 나아가고 있습니다.  정의롭고 풍요로운 광주  나보다 나라가 먼저였고 두려움보다 정의가 먼저였습니다. 광주정신은 이미 아시아 민주주의의 상징이 되었고 광주는 세계 민주·인권·평화 중심도시로 자리매김하고 있습니다.  원칙과 정도를 지키는 사람들이 존경받고 풍요를 누리는 역사적 교훈, 광주는 그 살아있는 증거가 될 것입니다.  정의가 물처럼 흐르는 도시, 변화와 혁신으로 좋은 일자리를 만들고  번영과 풍요를 함께 나누는 도시, 바로 광주입니다.  풍요로운 광주   역사가 만들어내고 예술혼으로 품어온 향기이기에 문화는 광주 경쟁력의 원천이고 일자리이자, 경제입니다. 의향 광주의 정의로움, 예향 광주의 문화예술, 미향 광주의 맛깔스러움 등  광주다움에 사람들은 매료됩니다. 아시아 문화 허브가 있고 세계 문화 예술의 새로운 메카를 약속하는 곳! 여기에 천년의 역사를 함께 해온 전남의 자연환경을 더하여  세계인의 오감을 만족시킬 국제관광도시로의 변화까지!  광주에 사는 행복, 광주를 찾는 즐거움은 더욱 커질 것입니다. 풍요가 꽃처럼 피어나는 도시, 바로 광주입니다.   정신적으로는 정의롭고  물질적으로는 풍요로운 광주! 그것은 모두가 바라는 대한민국의 미래이기도 합니다.  닮고 싶은 도시! 또다시 찾고 싶은 도시! 자랑스러운 도시!  이제 새로운 광주시대가 시작됩니다!"|https://i.ytimg.com/vi/91mjAInNR7w/default.jpg|"#광주광역시 #광주소개 #광주대한민국미래로 #홍보영상 #홍보"|25|ko|PT2M41S|false|8775|77|10|17
flRhP9tGATQ|2019-02-12T07:28:00Z|UCpCtv8fw6egexjhOJpN1IZw|"광주삼시세끼_김민경편"|"#광주광역시 #광주 #광주삼시세끼 #김민경 #먹방 #광주먹방 #광주맛집  #차돌밖이떡볶이 #양파빵 #타르트 #암뽕순대국밥 #수제맥주"|https://i.ytimg.com/vi/flRhP9tGATQ/default.jpg|"#광주 #광주삼시세끼 #먹방 #김민경"|25|ko|PT4M41S|false|7081|78|5|6
sCWntOSOtpk|2019-04-05T05:58:36Z|UCpCtv8fw6egexjhOJpN1IZw|"펭귄마을 in 양림동"|"설명"|https://i.ytimg.com/vi/sCWntOSOtpk/default.jpg|"#광주광역시#민주주의#해시태그광주#예술마을#양림동#펭귄마을#인터넷방송#헬로광주"|25|ko|PT3M1S|false|563|6|0|2
ySr6ATWXF24|2019-04-25T09:41:33Z|UCpCtv8fw6egexjhOJpN1IZw|"“광주ㆍ전남 상생발전의 마중물”,  광주군공항이전 !"|""|https://i.ytimg.com/vi/ySr6ATWXF24/default.jpg|"광주군공항광주군공항이전광주전남상생발전상생발전의마중물"|25|ko|PT3M43S|false|1143|26|1|1
kUgGYZxBIyU|2019-06-03T01:31:40Z|UCpCtv8fw6egexjhOJpN1IZw|"광주행복1번가 세대공감택시 1회 '복지건강국'"|"설명"|https://i.ytimg.com/vi/kUgGYZxBIyU/default.jpg|NULL|25|ko|PT7M29S|false|1079|25|0|3
JDIxeqiMruE|2019-07-19T02:19:43Z|UCpCtv8fw6egexjhOJpN1IZw|"광주행복1번가 세대공감택시 2회 '문화관광체육실'"|"광주시청 자타공인 말빨(?) No.1과 너무 사랑해서 남평과 싸울 일 전혀 없다는 사랑꾼이 만났다!  광주의 핫한 관광지를 일궈가고 있는  문화관광체육실 선후배의 택시 드라이빙 토크! 지금 확인하세요~"|https://i.ytimg.com/vi/JDIxeqiMruE/default.jpg|NULL|17|ko|PT8M49S|false|1533|39|0|3
VVwDIp-1egU|2019-06-24T08:24:27Z|UCpCtv8fw6egexjhOJpN1IZw|"내방로 사람들 1회 -  시민소통기획관실"|"광주시민들을 대신해 밤낮으로 열정을 다하는 사람들이 있다! 소통과 혁신으로 대변되는 첫 번째 부서,  바로바로~~ 광주 시청의 젊은 피! 시민소통기획관실~ 열정 퐈이아~~ 그들의 열혈 일과가 궁금하다면.... 당장 클릭! 구독 좋아요는 필수 필수~"|https://i.ytimg.com/vi/VVwDIp-1egU/default.jpg|"#광주광역시#광주시청#시민소통기획관실#소통은#나의 힘#바로소통#클릭 한 번으로 시민과 소통"|17|ko|PT3M10S|false|1280|25|0|2
ON_Y9tBMdCA|2019-07-16T01:04:28Z|UCpCtv8fw6egexjhOJpN1IZw|"광주시책 1분으로 끝내기 1회"|"2019년 광주! 어떤 정보가 내게 도움이 되는지 도통~  모르시겠다고요?! 알기 쉽게 풀이해주는 광주시 정책!  "광주 시책 1분으로 끝내기"를 통한 속풀이 강의, 지금 시작합니다~~"|https://i.ytimg.com/vi/ON_Y9tBMdCA/default.jpg|"#광주광역시#광주시#광주시책#광주 꿀팁#인싸 광주#1분 끝내기#초간단 강의#광주 정보#광주#공유"|17|ko|PT3M12S|false|587|14|0|1
IQnE3Yq9a_Y|2019-08-02T09:51:09Z|UCpCtv8fw6egexjhOJpN1IZw|"광주시책 1분으로끝내기 2회"|"45만 원 내고 50만 원 쓰는 핵이득 방법!!! & 버스만 타면 광주명소로 안내해 주는 시티투어버스까지!!! 광주 1분 시책으로 깔끔~~하게 정리해 드립니다"|https://i.ytimg.com/vi/IQnE3Yq9a_Y/default.jpg|"#광주광역시#시책#광주상생카드#시티투어#버스#테마형버스#백년이야기#광주행복1번가#광주관광#광주핫플#인싸광주#광주청년#청년일자리#광주형일자리#광주#빛고을#관광명소#핫플추천"|17|ko|PT2M18S|false|331|15|0|3
DamjtSJILQ8|2019-07-26T09:09:34Z|UCpCtv8fw6egexjhOJpN1IZw|"광주행복1번가 북터뷰 3회 - 전승보 광주시립미술관장"|"전설의 17:1 주인공!  광주시립미술관을 변화시킬 혁신가!   하지만 입은 열때마다 마이너스....?  전승보 광주시립박물관장님을 광주시 북터뷰에서 만나봅니다~"|https://i.ytimg.com/vi/DamjtSJILQ8/default.jpg|"#광주광역시# 광주행복1번가#광주시립미술관#광주#비엔날레#미술#광주 문화#광주 예술#광주 관광#행복#1번가"|17|ko|PT8M31S|false|568|10|0|1
0aXXyp8cQrg|2019-07-24T03:42:41Z|UCpCtv8fw6egexjhOJpN1IZw|"세계수영선수권대회와 함께하는 당신의 ‘처음, 광주’"|"‘세계수영선수권대회’가 열리는 지금의 광주는   세계인이 와서 보고 걷고 먹고 즐기는   지구촌 축제도시입니다.    광주에 처음 오시는 분이나,   처음이 아닌 모든 분들에게  알수록 설레는 새로운 광주를 보여드리겠습니다.  당신의 첫 번째 광주, 이제부터 시작합니다."|https://i.ytimg.com/vi/0aXXyp8cQrg/default.jpg|"#광주광역시#세계수영선수권대회#fina2019gwangju#광주여행#광주관광#광주핫플#광주소개#광주수영대회#수영축제#측제#광주#광주의 밤#광주의 낮"|17|ko|PT2M12S|false|183|9|1|0
MzgJ7UmZ9Fs|2019-05-24T08:48:03Z|UCpCtv8fw6egexjhOJpN1IZw|"광주행복1번가 북터뷰 1회 - 정종제 행정부시장"|"광주광역시 정종제 행정부시장과의 북소리와 함께한 궁금증 해소 인터뷰"|https://i.ytimg.com/vi/MzgJ7UmZ9Fs/default.jpg|"광주광역시판소리북터뷰행정부시장정종제도로교통법333정책"|25|NULL|PT9M42S|false|1213|24|0|5
givIed6v5po|2019-06-11T09:21:18Z|UCpCtv8fw6egexjhOJpN1IZw|"응원합시다! 함께 합시다!  광주 FINA세계수영선수권대회"|"8월 18일까지 광주세계수영마스터즈대회 기간입니다.  여러분도 광주에서 수영의 매력에 흠뻑~ 빠져보세요~"|https://i.ytimg.com/vi/givIed6v5po/default.jpg|"광주광역시2019 광주FINA 세계수영선수권대회스포츠수영세계인의 축제"|17|ko|PT1M1S|false|333|4|0|0
Kvh6H-Jx1DI|2019-07-04T08:23:21Z|UCpCtv8fw6egexjhOJpN1IZw|"광주상생카드 애니메이션 홍보영상"|"광주상생카드(광주광역시 지역화폐) 로고송"|https://i.ytimg.com/vi/Kvh6H-Jx1DI/default.jpg|"광주상생카드광주광역시지역화폐"|17|ko|PT1M34S|false|560|8|0|0
OD9QfFoNzyU|2019-07-02T06:09:08Z|UCpCtv8fw6egexjhOJpN1IZw|"알고쓰면 더욱 신박한 광주상생카드"|""|https://i.ytimg.com/vi/OD9QfFoNzyU/default.jpg|NULL|17|ko|PT37S|false|1838|42|1|11
aNHd-SZXTXk|2019-06-26T01:01:25Z|UCpCtv8fw6egexjhOJpN1IZw|"광주청일(광주청년일자리) 근속단계편"|"설명"|https://i.ytimg.com/vi/aNHd-SZXTXk/default.jpg|"#광중광역시#광주형일자리#광주청일#청년#일자리#청일"|17|ko|PT2M21S|false|723|15|0|13
ioaqt4J2u_E|2019-06-11T09:31:35Z|UCpCtv8fw6egexjhOJpN1IZw|"평화의 물결을 가르는 여섯 종목의 금빛 레이스!  광주세계수영선수권대회 경기 종목, 여기서 확인하자!"|"대한민국의 여름을 황금빛 열정으로 물들일 지구촌 최대의 물 이벤트. 광주 세계수영선수권대회! 여섯 경기 종목과 다섯 곳의 경쟁 무대를 알아보자."|https://i.ytimg.com/vi/ioaqt4J2u_E/default.jpg|"대한민국수영 일번지지구촌 수영축제2019광주FINA세계수영선수권대경영다이빙하이다이빙아티스틱수영오픈워터수영수구수리달이"|17|ko|PT2M55S|false|130|3|0|0
JQvHkWMvuB8|2019-06-05T08:31:09Z|UCpCtv8fw6egexjhOJpN1IZw|"광주청일(광주청년일자리) 창업단계편"|"설명"|https://i.ytimg.com/vi/JQvHkWMvuB8/default.jpg|"#광주광역시#민선 7기#청년일자리#광주형일자리#광주청일#청일#창업#청년창업"|25|ko|PT1M36S|false|1084|24|1|11
yVCEIGEwd1E|2019-06-05T08:27:05Z|UCpCtv8fw6egexjhOJpN1IZw|"광주청일(광주청년일자리) 근속단계편"|"설명"|https://i.ytimg.com/vi/yVCEIGEwd1E/default.jpg|"#광주광역시#광주형일자리#광주청일#광주청년#근속#청일"|25|ko|PT2M19S|false|616|26|0|28
lcFeZzhfuMc|2019-05-29T08:09:47Z|UCpCtv8fw6egexjhOJpN1IZw|"안전한도시 광주"|"설명"|https://i.ytimg.com/vi/lcFeZzhfuMc/default.jpg|"#광주광역시#민주주의#인터넷방송#헬로광주#전국1위#안전도시"|25|ko|PT31S|false|88|5|0|4
Qw-kv9OAWTI|2019-05-14T01:42:05Z|UCpCtv8fw6egexjhOJpN1IZw|"광주청일(광주청년일자리) 채용단계편"|""|https://i.ytimg.com/vi/Qw-kv9OAWTI/default.jpg|"#광주광역시#청년일자리#광주형일자리#청일#광주청일#청년취업#채용"|25|NULL|PT1M37S|false|1162|24|0|16
cXN-3H8gKUM|2019-04-25T11:08:23Z|UCpCtv8fw6egexjhOJpN1IZw|"광주청일(광주청년일자리) 구직단계편"|""|https://i.ytimg.com/vi/cXN-3H8gKUM/default.jpg|"#광주광역시#광주청일#청일#구직#광주형일자리#광주#청년"|25|ko|PT5M38S|false|1634|10|0|6
Gk1lyKNu5Ls|2019-04-12T01:14:17Z|UCpCtv8fw6egexjhOJpN1IZw|"원밀리언(1MILLION)과 함께하는 광플댄스 (Japanese ver)"|""|https://i.ytimg.com/vi/Gk1lyKNu5Ls/default.jpg|NULL|25|ko|PT3M18S|false|149|3|0|0
rS4SvT4AyJQ|2019-04-12T00:57:27Z|UCpCtv8fw6egexjhOJpN1IZw|"원밀리언(1MILLION)과 함께하는 광플댄스 (Chinese ver)"|""|https://i.ytimg.com/vi/rS4SvT4AyJQ/default.jpg|NULL|25|ko|PT3M18S|false|93|1|0|0
Dpvay81K4cQ|2019-04-12T00:41:53Z|UCpCtv8fw6egexjhOJpN1IZw|"원밀리언(1MILLION)과 함께하는 광플댄스 (English ver)"|""|https://i.ytimg.com/vi/Dpvay81K4cQ/default.jpg|NULL|25|ko|PT3M18S|false|106|0|0|0
sCWntOSOtpk|2019-04-05T05:58:36Z|UCpCtv8fw6egexjhOJpN1IZw|"펭귄마을 in 양림동"|"설명"|https://i.ytimg.com/vi/sCWntOSOtpk/default.jpg|"#광주광역시#민주주의#해시태그광주#예술마을#양림동#펭귄마을#인터넷방송#헬로광주"|25|ko|PT3M1S|false|563|6|0|2
EsLwxV-k8UU|2019-04-01T10:05:52Z|UCpCtv8fw6egexjhOJpN1IZw|"온라인민주주의플랫폼 '바로소통 광주'"|"설명"|https://i.ytimg.com/vi/EsLwxV-k8UU/default.jpg|"#광주광역시#민주주의#바로소통광주#광주행복1번가#온라인민주주의_플랫폼#인터넷방송#헬로광주"|25|ko|PT51S|false|200|6|0|0
0nHTmU_FC3Q|2019-04-01T08:32:57Z|UCpCtv8fw6egexjhOJpN1IZw|"5‧18, 거짓과 왜곡에 맞서는 또 하나의 항쟁"|"거짓과 왜곡에 맞서는 또 하나의 항쟁 : ‘5‧18역사왜곡처벌법’ 제정!  세계의 많은 나라들이 역사적 진실을 수호하기 위해 의도적으로 자행되는 역사 왜곡에 대응하고 있습니다. 5‧18민주화운동에 대한 비방과 왜곡... 5‧18역사를 대하는 우리의 현실은 많은 숙제를 안고 있습니다. 역사적 진실이 왜곡되지 않도록, 정의로운 나라 대한민국을 위해 국민의 힘을 모아주십시오.  518역사왜곡처벌법 제정!"|https://i.ytimg.com/vi/0nHTmU_FC3Q/default.jpg|"#광주 #광주광역시 #518 #518민주화운동 #518역사왜곡처벌법 #광주역사왜곡"|25|ko|PT3M45S|false|142|2|0|0
91mjAInNR7w|2019-02-18T09:20:12Z|UCpCtv8fw6egexjhOJpN1IZw|"광주광역시 도시 소개 홍보영상"|"전통과 활력, 고요와 열정이 조화롭게 만들어내는 기대에 찬 설레임으로 광주는 새로운 변화를 향해 나아가고 있습니다.  정의롭고 풍요로운 광주  나보다 나라가 먼저였고 두려움보다 정의가 먼저였습니다. 광주정신은 이미 아시아 민주주의의 상징이 되었고 광주는 세계 민주·인권·평화 중심도시로 자리매김하고 있습니다.  원칙과 정도를 지키는 사람들이 존경받고 풍요를 누리는 역사적 교훈, 광주는 그 살아있는 증거가 될 것입니다.  정의가 물처럼 흐르는 도시, 변화와 혁신으로 좋은 일자리를 만들고  번영과 풍요를 함께 나누는 도시, 바로 광주입니다.  풍요로운 광주   역사가 만들어내고 예술혼으로 품어온 향기이기에 문화는 광주 경쟁력의 원천이고 일자리이자, 경제입니다. 의향 광주의 정의로움, 예향 광주의 문화예술, 미향 광주의 맛깔스러움 등  광주다움에 사람들은 매료됩니다. 아시아 문화 허브가 있고 세계 문화 예술의 새로운 메카를 약속하는 곳! 여기에 천년의 역사를 함께 해온 전남의 자연환경을 더하여  세계인의 오감을 만족시킬 국제관광도시로의 변화까지!  광주에 사는 행복, 광주를 찾는 즐거움은 더욱 커질 것입니다. 풍요가 꽃처럼 피어나는 도시, 바로 광주입니다.   정신적으로는 정의롭고  물질적으로는 풍요로운 광주! 그것은 모두가 바라는 대한민국의 미래이기도 합니다.  닮고 싶은 도시! 또다시 찾고 싶은 도시! 자랑스러운 도시!  이제 새로운 광주시대가 시작됩니다!"|https://i.ytimg.com/vi/91mjAInNR7w/default.jpg|"#광주광역시 #광주소개 #광주대한민국미래로 #홍보영상 #홍보"|25|ko|PT2M41S|false|8775|77|10|17
XJegMzEM30k|2019-02-12T07:31:27Z|UCpCtv8fw6egexjhOJpN1IZw|"산불예방법"|"#광주광역시 #산불예방 #등산  #봄철산불조심기간 #광주시산불방지대책본부"|https://i.ytimg.com/vi/XJegMzEM30k/default.jpg|"#산불예방 #등산 #봄철산불조심기간 #광주시산불방지대책본부"|25|ko|PT1M21S|false|180|2|0|0
flRhP9tGATQ|2019-02-12T07:28:00Z|UCpCtv8fw6egexjhOJpN1IZw|"광주삼시세끼_김민경편"|"#광주광역시 #광주 #광주삼시세끼 #김민경 #먹방 #광주먹방 #광주맛집  #차돌밖이떡볶이 #양파빵 #타르트 #암뽕순대국밥 #수제맥주"|https://i.ytimg.com/vi/flRhP9tGATQ/default.jpg|"#광주 #광주삼시세끼 #먹방 #김민경"|25|ko|PT4M41S|false|7081|78|5|6
aS4jLJ_RXM0|2019-01-18T07:14:53Z|UCpCtv8fw6egexjhOJpN1IZw|"광주, 지자체 최초 노사상생도시 선언!"|"노동이 존중받고 기업하기 좋은 도시 노동자의 안정된 일자리 기업의 적정한 수익을 보장하는 도시   노사상생형 모델,  광주형일자리 사업 성공으로 새로운 광주의 희망! 풍요로운 광주의 내일을 만들어갑니다."|https://i.ytimg.com/vi/aS4jLJ_RXM0/default.jpg|"광주형일자리일자리노사상생도시광주광역시청년일자리"|25|ko|PT31S|false|141|1|0|0
jU9L4qNqkFY|2018-12-20T01:44:22Z|UCpCtv8fw6egexjhOJpN1IZw|"내가 먼저 인사하면, 광주가 활짝 웃습니다."|"마음을 나누는 인사, 지금이면 어떨까요?  내가 먼저 인사하기  우리 약속해요!^^"|https://i.ytimg.com/vi/jU9L4qNqkFY/default.jpg|"광주광역시캠페인내가먼저인사하기인사캠페인"|25|NULL|PT41S|false|708|8|1|0
VgobV7M8QeQ|2018-12-20T01:34:05Z|UCpCtv8fw6egexjhOJpN1IZw|"안전한 광주! 교통사망사고 Zero의 약속"|"어린이보호구역 속도 지키기 주·정차 바르게 지키기 횡단보도 정지선 지키기  우리 모두 약속해요!^^"|https://i.ytimg.com/vi/VgobV7M8QeQ/default.jpg|"광주광역시교통사망사고Zero교통사고안전캠페인"|25|NULL|PT40S|false|599|10|0|0
z5EBjZmkDdE|2018-12-13T08:50:07Z|UCpCtv8fw6egexjhOJpN1IZw|"원밀리언(1MILLION) 함께하는 광플댄스"|"원밀리언 1Million Dance Studio 와 광주광역시가 만든 '광플'댄스!"|https://i.ytimg.com/vi/z5EBjZmkDdE/default.jpg|"광주광역시1Million Dance Studio"|25|NULL|PT3M18S|false|74972|221|27|31
CbLvVf_MJeQ|2018-12-12T07:53:24Z|UCpCtv8fw6egexjhOJpN1IZw|"엠마뷰티와 광주에서 수지처럼 예뻐지자"|"엠마뷰티와 함께하는 수지 메이크업~ 엠마뷰티와 광주에서 수지처럼 예뻐지자!"|https://i.ytimg.com/vi/CbLvVf_MJeQ/default.jpg|NULL|25|NULL|PT6M40S|false|78829|113|47|10
PzZWjIuzaiw|2018-12-12T07:45:33Z|UCpCtv8fw6egexjhOJpN1IZw|"먹방요정 나도(Nado) 광주에 오다"|"먹방요정 나도(Nado) 광주에 오다! - 광주 한정식편"|https://i.ytimg.com/vi/PzZWjIuzaiw/default.jpg|"나도먹방나도"|25|NULL|PT5M55S|false|94580|962|138|240
fsYyxcUr_h0|2018-12-11T07:24:46Z|UCpCtv8fw6egexjhOJpN1IZw|"원밀리언(1MILLION)과 함께하는 광플댄스"|"원밀리언 1Million Dance Studio 와 광주광역시가 만든 '광플'댄스!"|https://i.ytimg.com/vi/fsYyxcUr_h0/default.jpg|"원밀리언원밀리언스튜디오1millionDance광플댄스"|25|NULL|PT1M3S|false|98000|35|7|3
pX9nPn7o5AY|2018-12-11T07:12:10Z|UCpCtv8fw6egexjhOJpN1IZw|"엠마뷰티와 광주에서 수지처럼 예뻐지자"|"엠마뷰티와 함께하는 수지 메이크업~ 엠마뷰티와 광주에서 수지처럼 예뻐지자!"|https://i.ytimg.com/vi/pX9nPn7o5AY/default.jpg|"엠마뷰티엠마뷰티수지메이크업"|25|NULL|PT31S|false|75012|14|1|1
C8ji5tDiLBg|2018-12-11T06:43:59Z|UCpCtv8fw6egexjhOJpN1IZw|"2018 전국대학생소통콘텐츠경연대회 장려상작"|"광주는 의미로 가득한 일상이다-임페리얼301팀"|https://i.ytimg.com/vi/C8ji5tDiLBg/default.jpg|"광주광역시전국대학생소통콘텐츠경연대회광주소통콘텐츠소통광주대학생영상공모전임페리얼301"|25|NULL|PT1M37S|false|114|0|0|0
eLW4qJezsZI|2018-12-11T06:39:43Z|UCpCtv8fw6egexjhOJpN1IZw|"2018 전국 대학생 소통콘텐츠 경연대회 장려상작"|"광주는 풍경이다-샘물팀"|https://i.ytimg.com/vi/eLW4qJezsZI/default.jpg|"전국대학생소통콘텐츠경연대회광주소통콘텐츠경연대회광주공모전광주광역시대학생영상공모전광주홍보샘물팀"|25|NULL|PT1M9S|false|121|0|0|0
n3A6-mAYsIQ|2018-12-11T06:36:59Z|UCpCtv8fw6egexjhOJpN1IZw|"2018 전국대학생소통콘텐츠경연대회 우수작"|"광주는 다채롭다(오구오구광주)-오색찬남"|https://i.ytimg.com/vi/n3A6-mAYsIQ/default.jpg|"오구오구광주광주소통콘텐츠경연대회대학생경연대회영상공모전오색찬남광주광역시"|25|NULL|PT3M|false|185|6|0|0
uhNRlTFU1G8|2018-12-11T06:32:01Z|UCpCtv8fw6egexjhOJpN1IZw|"2018 전국대학생소통콘텐츠경연대회 우수작"|"광주는 공유기다 - 서원대광홍과팀"|https://i.ytimg.com/vi/uhNRlTFU1G8/default.jpg|"소통콘텐츠경연대회광주광역시대학생경연대회영상공모전광주는공유기다하모니소통광주"|25|NULL|PT3M|false|141|0|0|0
-TNXhu4PKrg|2018-11-05T05:18:20Z|UCpCtv8fw6egexjhOJpN1IZw|"2018 전국 대학생 소통콘텐츠 경연대회 최우수작"|"광주는 무브다 -에이클 팀"|https://i.ytimg.com/vi/-TNXhu4PKrg/default.jpg|"광주광주광역시홍보영상전국대학생소통콘텐츠경연대회대학생공모전광주관광에이클"|25|NULL|PT2M10S|false|472|7|0|0
FUreu_DdUaQ|2018-11-05T05:09:02Z|UCpCtv8fw6egexjhOJpN1IZw|"2018 전국 대학생 소통콘텐츠 경연대회 대상작"|"광주는 광역시다 - 하모니 팀"|https://i.ytimg.com/vi/FUreu_DdUaQ/default.jpg|"광주광주광역시소통콘텐츠대학생 공모전경연대회홍보영상청춘광주청년컨벤션뷰로기아챔피언스필드문화전당"|25|NULL|PT1M23S|false|736|0|2|1
